call_id,run_id,date,timestamp,ticker,title,source,direction,confidence,confidence_rank,flag_path,time_horizon,horizon_rank,category,market_price,our_estimate,edge,net_edge,base_rate,result,is_resolved,is_win,pnl_if_traded,pnl_scaled,leviathan_score,lv_band,close_time,sig_edge,sig_drift,sig_br_none,watchlist_signal,whale_detected,whale_direction,whale_max_trade_size,heuristic_label,heuristic_direction,short_horizon,net_edge_after_fee,ev_after_fee_per_contract,ob_flag,ob_imbalance,ob_direction,spread_wide,spread_pct,confidence_downgraded,second_pass,ext_estimate,ext_edge,ext_n_signals,ext_alpha,poly_price,poly_price_gap,consensus_gap,consensus_dir,smart_money_count,smart_money_dir,brier_scorer,brier_market,market_drift_pp
ce2bd662,b0e57970,2026-05-23,2026-05-23T05:53:25.273270+00:00,KXTAIWANLVL4-26JUL01,"Will the U.S. State Department issue a Level 4 warning for Taiwan before Jul 1, 2026?",paper,NO,HIGH,0,,,0,,0.027,0.015,-0.012,,,WIN,1,1,0.027,0.27,,Unscored,,0,0,0,0,0,,,,,0,,,0,,,0,,0,0,,,,,,,,,0,,0.0002,0.0007,2.6
693bf4f9,eb732075,2026-05-23,2026-05-23T06:04:53.057812+00:00,KXUSAEXPANDTERRITORY-26JUL01,"Will the United States acquire any territory not under its sovereignty (as of Issuance) before Jul 1, 2026?",paper,NO,MED,1,,,0,,0.036,0.025,-0.011,,,WIN,1,1,0.036,0.36,,Unscored,,0,0,0,0,0,,,,,0,,,0,,,0,,0,0,,,,,,,,,0,,0.0006,0.0013,3.3
08fc1016,fdd87c88,2026-05-23,2026-05-23T06:20:27.434832+00:00,KXIMPEACHCABINET-26JUL01,"Will any member of the Cabinet (defined as: the Vice President, Secretary of State, Secretary of the Treasury, Secretary of Defense, Attorney General, Secretary of the Interior, Secretary of Agriculture, Secretary of Commerce, Secretary of Labor, Secretary of Health and Human Services, Secretary of Housing and Urban Development, Secretary of Transportation, Secretary of Energy, Secretary of Education, Secretary of Veterans Affairs, Secretary of Homeland Security, Administrator of the Environmental Protection Agency, Director of the Office of Management and Budget, Director of National Intelligence, Trade Representative, Administrator of the Small Business Administration, White House Chief of Staff) be impeached before Jul 1, 2026?",paper,YES,MED,1,,,0,,0.016,0.04,0.024,,,LOSS,1,0,-0.016,-0.16,,Unscored,,0,0,0,0,0,,,,,0,,,0,,,0,,0,0,,,,,,,,,0,,0.0016,0.0003,-1.0
57cf7f12,475f5079,2026-05-23,2026-05-23T22:28:24.962840+00:00,KXZELENSKYPUTIN-29-26JUL,"Volodymyr Zelenskyy and Vladimir Putin meet before Jul 1, 2026?",paper,YES,MED,1,,,0,,0.043,0.07,0.027,,,LOSS,1,0,-0.043,-0.43,,Unscored,,0,0,0,0,0,,,,,0,,,0,,,0,,0,0,,,,,,,,,0,,0.0049,0.0018,-3.7
5dadd24d,5757a02d,2026-05-29,2026-05-29T20:13:50.864878+00:00,KXTVSEASONRELEASETHELASTOFUS-26-JUL,"When will ""The Last of Us"" Season 3 be released?",paper,NO,HIGH,0,,,0,,0.005,0.002,0.003,,,WIN,1,1,0.005,0.05,,Unscored,,0,0,0,0,0,,,,,0,,,0,,,0,,0,0,,,,,,,,,0,,0.0,0.0,-0.5
16007ee0,5757a02d,2026-05-29,2026-05-29T20:13:50.866576+00:00,KXTVSEASONRELEASETHELASTOFUS-26-OCT,"When will ""The Last of Us"" Season 3 be released?",paper,NO,HIGH,0,,,0,,0.045,0.005,0.04,,,,0,,,,,Unscored,,0,0,0,0,0,,,,,0,,,0,,,0,,0,0,,,,,,,,,0,,,,
50192635,62b0fe1f,2026-05-29,2026-05-29T20:34:24.700662+00:00,KXALBUMRELEASEDATEBEY-NEW-JUN01-26,"Will Beyonce release new album before Jun 1, 2026?",paper,YES,LOW,2,,,0,,0.025,0.1,0.075,,,LOSS,1,0,-0.025,-0.25,,Unscored,,0,0,0,0,0,,,,,0,,,0,,,0,,0,0,,,,,,,,,0,,0.01,0.0006,-1.5
7e6b08db,62b0fe1f,2026-05-29,2026-05-29T20:34:24.709056+00:00,KXCABLEAVE-26MAY22-26JUN,Will any member of Trump's Cabinet leave before Jun 2026?,paper,YES,LOW,2,,,0,,0.045,0.15,0.105,,,LOSS,1,0,-0.045,-0.45,,Unscored,,0,0,0,0,0,,,,,0,,,0,,,0,,0,0,,,,,,,,,0,,0.0225,0.002,-2.5
0d103067,,2026-06-03,2026-06-03T02:51:47.408801Z,KXIMPEACHCABINET-27JAN01,"Will any member of the Cabinet (defined as: the Vice President, Secretary of State, Secretary of the Treasury, Secretary of Defense, Attorney General, Secretary of the Interior, Secretary of Agriculture, Secretary of Commerce, Secretary of Labor, Secretary of Health and Human Services, Secretary of Housing and Urban Development, Secretary of Transportation, Secretary of Energy, Secretary of Education, Secretary of Veterans Affairs, Secretary of Homeland Security, Administrator of the Environmental Protection Agency, Director of the Office of Management and Budget, Director of National Intelligence, Trade Representative, Administrator of the Small Business Administration, White House Chief of Staff) be impeached before Jan 1, 2027?",real_fill,YES,,0,,,0,,0.085,,,,,,0,,,,,Unscored,,0,0,0,0,0,,,,,0,,,0,,,0,,0,0,,,,,,,,,0,,,,
19f08ca4,,2026-05-29,2026-05-29T20:24:30.545029Z,KXTVSEASONRELEASETHELASTOFUS-27-JUL,"When will ""The Last of Us"" Season 3 be released?",real_fill,NO,,0,,,0,,0.2,,,,,,0,,,,,Unscored,,0,0,0,0,0,,,,,0,,,0,,,0,,0,0,,,,,,,,,0,,,,
a8a0b84b,,2026-05-29,2026-05-29T20:21:29.863756Z,KXMEDIARELEASEPRISONBREAK-30JAN01-27JUL01,"Will A New Season of Prison Break be released Worldwide before Jan 1, 2030?",real_fill,YES,,0,,,0,,0.57,,,,,,0,,,,,Unscored,,0,0,0,0,0,,,,,0,,,0,,,0,,0,0,,,,,,,,,0,,,,
43caae28,,2026-04-13,2026-04-13T02:08:40.195084Z,KXAAAGASD-26APR13-4.125,"Will the AAA national average gas price reach $4.125 per gallon by April 13, 2026?",real_fill,YES,,0,,,0,,0.2,,,,,LOSS,1,0,-0.73,-7.3,,Unscored,,0,0,0,0,0,,,,,0,,,0,,,0,,0,0,,,,,,,,,0,,,0.04,
b3b1c6ea,,2026-04-13,2026-04-13T02:06:31.310184Z,KXAILEGISLATION-27-JAN01,"Will Congress pass major AI legislation by January 1, 2027?",real_fill,YES,,0,,,0,,0.23,,,,,,0,,,,,Unscored,,0,0,0,0,0,,,,,0,,,0,,,0,,0,0,,,,,,,,,0,,,,
1ca190de,,2026-04-13,2026-04-13T02:05:37.457599Z,KXUSTAKEOVER-30,,real_fill,YES,,0,,,0,,0.41,,,,,,0,,,,,Unscored,,0,0,0,0,0,,,,,0,,,0,,,0,,0,0,,,,,,,,,0,,,,
1fd912e3,,2026-06-16,2026-06-16T21:47:51.063420+00:00,KXNEXTDNCCHAIR-45-FSHA,Will Faiz Shakir be the next Chair of the Democratic National Committee?,research_probe,NO,LOW,2,,,0,,0.195,,,,,,0,,,,,Unscored,,0,0,0,0,0,,,,,0,,,0,,,0,,0,0,,,,,,,,,0,,,,
67648f85,,2026-06-16,2026-06-16T21:49:04.796648+00:00,KXVPRESNOMR-28-MR,Will Marco Rubio be the nominee for the Vice Presidency for the Republican party?,research_probe,NO,LOW,2,,,0,,0.255,,,,,,0,,,,,Unscored,,0,0,0,0,0,,,,,0,,,0,,,0,,0,0,,,,,,,,,0,,,,
142ab704,,2026-06-16,2026-06-16T21:51:23.846932+00:00,KXXISUCCESSOR-45JAN01-LXI,"Will Li Xi become the next leader of the Chinese Communist Party (CCP) before Jan 1, 2045?",research_probe,NO,MED,1,,,0,,0.165,,,,,,0,,,,,Unscored,,0,0,0,0,0,,,,,0,,,0,,,0,,0,0,,,,,,,,,0,,,,
03724f81,,2026-06-16,2026-06-16T21:54:54.049353+00:00,BEYONCEGENRE-30-TGA,Where will the next Beyonce album chart?,research_probe,NO,LOW,2,,,0,,0.21,,,,,,0,,,,,Unscored,,0,0,0,0,0,,,,,0,,,0,,,0,,0,0,,,,,,,,,0,,,,
6ef588cb,,2026-06-16,2026-06-16T23:31:29.194716+00:00,KXIPOFANNIE-27JUN01,When will Fannie Mae officially announce an IPO?,research_probe,NO,MED,1,,,0,,0.19,,,,,,0,,,,,Unscored,,0,0,0,0,0,,,,,0,,,0,,,0,,0,0,,,,,,,,,0,,,,
44a3f34f,,2026-06-16,2026-06-16T23:32:45.607801+00:00,KXUSAEXPANDTERRITORY-27JAN01,"Will the United States acquire any territory not under its sovereignty (as of Issuance) before Jan 1, 2027?",research_probe,NO,MED,1,,,0,,0.085,,,,,,0,,,,,Unscored,,0,0,0,0,0,,,,,0,,,0,,,0,,0,0,,,,,,,,,0,,,,
917b3091,,2026-06-16,2026-06-16T23:34:10.586893+00:00,KXTVSEASONRELEASETHELASTOFUS-27-APR,"When will ""The Last of Us"" Season 3 be released?",research_probe,YES,LOW,2,,,0,,0.145,,,,,,0,,,,,Unscored,,0,0,0,0,0,,,,,0,,,0,,,0,,0,0,,,,,,,,,0,,,,
d55c5684,,2026-06-16,2026-06-16T23:34:40.000433+00:00,KXTAIWANLVL4-27JAN01,"Will the U.S. State Department issue a Level 4 warning for Taiwan before Jan 1, 2027?",research_probe,NO,MED,1,,,0,,0.092,,,,,,0,,,,,Unscored,,0,0,0,0,0,,,,,0,,,0,,,0,,0,0,,,,,,,,,0,,,,
f22722ad,,2026-06-16,2026-06-16T23:35:15.230350+00:00,KXMEDIARELEASEPRISONBREAK-30JAN01-26JUL01,"Will A New Season of Prison Break be released Worldwide before Jan 1, 2030?",research_probe,YES,HIGH,0,,,0,,0.055,,,,,LOSS,1,0,-0.055,-0.55,,Unscored,,0,0,0,0,0,,,,,0,,,0,,,0,,0,0,,,,,,,,,0,,,0.003,
8628e71e,,2026-06-16,2026-06-16T23:37:33.032652+00:00,KXGREENTERRITORY-29-27,"Will the United States acquire any part of Greenland before Jan 1, 2027?",research_probe,NO,HIGH,0,,,0,,0.089,,,,,,0,,,,,Unscored,,0,0,0,0,0,,,,,0,,,0,,,0,,0,0,,,,,,,,,0,,,,
19a63705,9ede3f59,2026-06-19,2026-06-19T03:32:39.499875+00:00,KXCABLEAVE-26MAY22-26JUL,Will any member of Trump's Cabinet leave before Jul 2026?,paper,YES,MED,1,DRIFT,MONTHLY,2,,0.10500000000000001,0.65,0.545,0.51,0.65,LOSS,1,0,-0.105,-1.05,,Unscored,2026-07-02T03:59:00Z,1,1,0,0,0,,,cabinet departure,YES,0,,,0,,,0,,0,0,,,,,,,,,0,,0.4225,0.011,-8.5
1c76703f,d39679ff,2026-06-22,2026-06-22T03:03:31.449010+00:00,KXLAKECONF-26MAY12-SEP01,"Will Kari Lake be confirmed as Ambassador to Jamaica before Sep 1, 2026?",paper,YES,MED,1,HEURISTIC,QUARTERLY,3,,0.165,0.38,0.215,0.37,0.55,,0,,,,65,B,2026-09-01T03:59:00Z,1,0,0,0,0,,,,YES,0,,,0,,,0,,0,0,,,,,,,,,0,,,,
c7bb4c4b,d39679ff,2026-06-22,2026-06-22T03:03:31.458516+00:00,KXIPOCANVA-DATE-26OCT01,When will Canva officially announce an IPO?,paper,YES,MED,1,HEURISTIC,LONG,4,,0.05,0.22,0.17,0.2,0.25,,0,,,,65,B,2026-10-01T03:59:00Z,1,0,0,0,0,,,,YES,0,,,0,,,0,,0,0,,,,,,,,,0,,,,
b9072b2e,d39679ff,2026-06-22,2026-06-22T03:03:31.468285+00:00,KXIPOOURA-26OCT01,When will Oura Health Oy officially announce an IPO?,paper,YES,MED,1,DRIFT,LONG,4,,0.42,0.55,0.13,0.13,0.25,,0,,,,60,B,2026-10-01T03:59:00Z,1,1,0,0,0,,,,NO,0,,,0,,,0,,0,0,,,,,,,,,0,,,,
fcd6dbc8,,2026-05-23,2026-05-23T02:51:11.049612Z,KXIMPEACHCABINET-26JUL01,"Will any member of the Cabinet (defined as: the Vice President, Secretary of State, Secretary of the Treasury, Secretary of Defense, Attorney General, Secretary of the Interior, Secretary of Agriculture, Secretary of Commerce, Secretary of Labor, Secretary of Health and Human Services, Secretary of Housing and Urban Development, Secretary of Transportation, Secretary of Energy, Secretary of Education, Secretary of Veterans Affairs, Secretary of Homeland Security, Administrator of the Environmental Protection Agency, Director of the Office of Management and Budget, Director of National Intelligence, Trade Representative, Administrator of the Small Business Administration, White House Chief of Staff) be impeached before Jul 1, 2026?",real_fill,NO,,0,,,0,,,,,,,WIN,1,1,0.0,0.0,,Unscored,,0,0,0,0,0,,,,,0,,,0,,,0,,0,0,,,,,,,,,0,,,,
d5a856d8,09d6445d,2026-06-25,2026-06-25T11:13:11.233626+00:00,KXMLBDEBUT-FARIAS-26NOV01,"Will Franklin Arias play in a game for any team in the MLB before Nov 1, 2026?",paper,NO,MED,1,DRIFT,LONG,4,,0.485,0.25,0.235,0.05,0.35,,0,,,,52,C,2026-11-01T04:59:00Z,1,1,0,0,0,,,,NO,0,,,0,,,0,,0,0,,,,,,,,,0,,,,
ad083472,4db58d26,2026-06-29,2026-06-29T11:10:44.333430+00:00,KXMLBDEBUT-KANDERSON-26NOV01,"Will Kade Anderson play in a game for any team in the MLB before Nov 1, 2026?",paper,NO,MED,1,DRIFT,LONG,4,,0.695,0.5,0.195,0.23,0.35,,0,,,,60,B,2026-11-01T04:59:00Z,1,1,0,0,0,,,,NO,0,,,0,,,0,,0,0,,,,,,,,,0,,,,
ba41c5b1,9b2ae093,2026-06-30,2026-06-30T23:23:21.411481+00:00,KXNBARETIRE-DGREEN23-2627,Will Draymond Green announce his retirement before the 2026-27 NBA season?,paper,PASS,LOW,2,HEURISTIC,LONG,4,,0.07,0.06,-0.01,0.2,0.3,,0,,,,55,B,2026-11-15T04:59:00Z,0,0,0,0,0,,,,YES,0,,,0,,,0,,0,0,,,,,,,,,0,,,,
6712478b,9b2ae093,2026-06-30,2026-06-30T23:23:21.422118+00:00,KXAGICO-COMP-26Q3,"Will any company announce that it has achieved Artificial General Intelligence (AGI) before Oct 1, 2026?",paper,PASS,LOW,2,HEURISTIC,LONG,4,,0.06,0.05,-0.01,0.18,0.25,,0,,,,55,B,2026-10-01T03:59:00Z,0,0,0,0,0,,,,YES,0,,,0,,,0,,0,0,,,,,,,,,0,,,,
5ae1c652,9b2ae093,2026-06-30,2026-06-30T23:23:21.440941+00:00,KXMLBDEBUT-SWALCOTT-26NOV01,"Will Sebastian Walcott play in a game for any team in the MLB before Nov 1, 2026?",paper,PASS,MED,1,HEURISTIC,LONG,4,,0.055,0.05,-0.005,0.29,0.35,,0,,,,65,B,2026-11-01T04:59:00Z,0,0,0,0,0,,,,YES,0,,,0,,,0,,0,0,,,,,,,,,0,,,,
859d9844,9b2ae093,2026-06-30,2026-06-30T23:23:21.449010+00:00,KXTVSEASONRELEASETHELASTOFUS-26-OCT,"When will ""The Last of Us"" Season 3 be released?",paper,PASS,MED,1,DRIFT,LONG,4,,0.05,0.02,-0.03,0.18,0.25,,0,,,,60,B,2026-10-01T14:00:00Z,0,0,0,0,0,,,,YES,0,,,0,,,0,,0,0,,,,,,,,,0,,,,
f26758a7,9b2ae093,2026-06-30,2026-06-30T23:23:21.460806+00:00,KXMLBDEBUT-FARIAS-26NOV01,"Will Franklin Arias play in a game for any team in the MLB before Nov 1, 2026?",paper,PASS,LOW,2,DRIFT,LONG,4,,0.375,0.33,-0.045,-0.15,0.35,,0,,,,32,D,2026-11-01T04:59:00Z,0,0,0,0,0,,,,NO,0,,,0,,,0,,0,0,,,,,,,,,0,,,,
2193f2d7,9b2ae093,2026-06-30,2026-06-30T23:23:21.469988+00:00,KXMLBDEBUT-JMADE-26NOV01,"Will Jesús Made play in a game for any team in the MLB before Nov 1, 2026?",paper,PASS,LOW,2,DRIFT,LONG,4,,0.225,0.22,-0.005,-0.03,0.35,,0,,,,32,D,2026-11-01T04:59:00Z,0,0,0,0,0,,,,YES,0,,,0,,,0,,0,0,,,,,,,,,0,,,,
633ad093,9b2ae093,2026-06-30,2026-06-30T23:23:21.481930+00:00,KXCABLEAVE-26MAY22-26AUG,Will any member of Trump's Cabinet leave before Aug 2026?,paper,YES,HIGH,0,DRIFT,QUARTERLY,3,,0.215,0.96,0.745,0.4,0.65,LOSS,1,0,-0.215,-2.15,70,A,2026-08-02T03:59:00Z,1,1,0,0,0,,,,YES,0,0.388,7.33,0,,,0,,0,0,,,,,,,,,0,,0.9216,0.0462,-18.5
6fccb6cb,0298a5c7,2026-07-01,2026-07-01T11:06:07.276895+00:00,KXNBARETIRE-DGREEN23-2627,Will Draymond Green announce his retirement before the 2026-27 NBA season?,paper,PASS,LOW,2,HEURISTIC,LONG,4,,0.06,0.05,-0.01,0.21,0.3,,0,,,,55,B,2026-11-15T04:59:00Z,0,0,0,0,0,,,,YES,0,,,0,,,0,,0,0,,,,,,,,,0,,,,
ded9cc53,0298a5c7,2026-07-01,2026-07-01T11:06:07.286447+00:00,KXAGICO-COMP-26Q3,"Will any company announce that it has achieved Artificial General Intelligence (AGI) before Oct 1, 2026?",paper,PASS,LOW,2,HEURISTIC,LONG,4,,0.06,0.08,0.02,0.18,0.25,,0,,,,55,B,2026-10-01T03:59:00Z,0,0,0,0,0,,,,YES,0,,,0,,,0,,0,0,,,,,,,,,0,,,,
988e166f,0298a5c7,2026-07-01,2026-07-01T11:06:07.294865+00:00,KXMLBDEBUT-SWALCOTT-26NOV01,"Will Sebastian Walcott play in a game for any team in the MLB before Nov 1, 2026?",paper,PASS,LOW,2,HEURISTIC,LONG,4,,0.055,0.03,-0.025,0.29,0.35,,0,,,,55,B,2026-11-01T04:59:00Z,0,0,0,0,0,,,,YES,0,,,0,,,0,,0,0,,,,,,,,,0,,,,
d2cbd032,0298a5c7,2026-07-01,2026-07-01T11:06:07.303552+00:00,KXTVSEASONRELEASETHELASTOFUS-26-OCT,"When will ""The Last of Us"" Season 3 be released?",paper,PASS,LOW,2,DRIFT,LONG,4,,0.05,0.03,-0.02,0.18,0.25,,0,,,,50,C,2026-10-01T14:00:00Z,0,0,0,0,0,,,,YES,0,,,0,,,0,,0,0,,,,,,,,,0,,,,
71e38c45,0298a5c7,2026-07-01,2026-07-01T11:06:07.312069+00:00,KXMLBDEBUT-FARIAS-26NOV01,"Will Franklin Arias play in a game for any team in the MLB before Nov 1, 2026?",paper,PASS,LOW,2,DRIFT,LONG,4,,0.38,0.3,-0.08,-0.14,0.35,,0,,,,32,D,2026-11-01T04:59:00Z,0,0,0,0,0,,,,NO,0,,,0,,,0,,0,0,,,,,,,,,0,,,,
74897cce,0298a5c7,2026-07-01,2026-07-01T11:06:07.320305+00:00,KXMLBDEBUT-JMADE-26NOV01,"Will Jesús Made play in a game for any team in the MLB before Nov 1, 2026?",paper,PASS,LOW,2,DRIFT,LONG,4,,0.22,0.2,-0.02,-0.03,0.35,,0,,,,32,D,2026-11-01T04:59:00Z,0,0,0,0,0,,,,YES,0,,,0,,,0,,0,0,,,,,,,,,0,,,,
5b3e9c35,b0628632,2026-07-02,2026-07-02T18:55:26.391525+00:00,KXAGICO-COMP-26Q3,"Will any company announce that it has achieved Artificial General Intelligence (AGI) before Oct 1, 2026?",paper,PASS,LOW,2,HEURISTIC,LONG,4,,0.055,0.08,0.025,0.19,0.25,,0,,,,55,B,2026-10-01T03:59:00Z,0,0,0,0,0,,,,YES,0,,,0,,,0,,0,0,,,,,,,,,0,,,,
2285db0e,b0628632,2026-07-02,2026-07-02T18:55:26.400981+00:00,KXNBARETIRE-DGREEN23-2627,Will Draymond Green announce his retirement before the 2026-27 NBA season?,paper,PASS,LOW,2,HEURISTIC,LONG,4,,0.065,0.08,0.015,0.21,0.3,,0,,,,55,B,2026-11-15T04:59:00Z,0,0,0,0,0,,,,YES,0,,,0,,,0,,0,0,,,,,,,,,0,,,,
a84749ed,b0628632,2026-07-02,2026-07-02T18:55:26.409519+00:00,KXMLBDEBUT-SWALCOTT-26NOV01,"Will Sebastian Walcott play in a game for any team in the MLB before Nov 1, 2026?",paper,PASS,LOW,2,HEURISTIC,LONG,4,,0.055,0.06,0.005,0.29,0.35,,0,,,,55,B,2026-11-01T04:59:00Z,0,0,0,0,0,,,,YES,0,,,0,,,0,,0,0,,,,,,,,,0,,,,
bf65a833,b0628632,2026-07-02,2026-07-02T18:55:26.417855+00:00,KXMLBDEBUT-FARIAS-26NOV01,"Will Franklin Arias play in a game for any team in the MLB before Nov 1, 2026?",paper,PASS,LOW,2,DRIFT,LONG,4,,0.385,0.33,0.055,-0.13,0.35,,0,,,,32,D,2026-11-01T04:59:00Z,0,0,0,0,0,,,,NO,0,,,0,,,0,,0,0,,,,,,,,,0,,,,
692f0fe1,94ac827e,2026-07-03,2026-07-03T11:06:02.401502+00:00,KXAGICO-COMP-26Q3,"Will any company announce that it has achieved Artificial General Intelligence (AGI) before Oct 1, 2026?",paper,PASS,LOW,2,HEURISTIC,QUARTERLY,3,,0.06,0.08,0.02,0.18,0.25,,0,,,,55,B,2026-10-01T03:59:00Z,0,0,0,0,0,,,,YES,0,,,0,,,0,,0,0,,,,,,,,,0,,,,
b721a6c6,94ac827e,2026-07-03,2026-07-03T11:06:02.437464+00:00,KXNBARETIRE-DGREEN23-2627,Will Draymond Green announce his retirement before the 2026-27 NBA season?,paper,PASS,LOW,2,HEURISTIC,LONG,4,,0.06,0.08,0.02,0.22,0.3,,0,,,,55,B,2026-11-15T04:59:00Z,0,0,0,0,0,,,,YES,0,,,0,,,0,,0,0,,,,,,,,,0,,,,
f22acc75,94ac827e,2026-07-03,2026-07-03T11:06:02.446054+00:00,KXMLBDEBUT-SWALCOTT-26NOV01,"Will Sebastian Walcott play in a game for any team in the MLB before Nov 1, 2026?",paper,PASS,LOW,2,HEURISTIC,LONG,4,,0.055,0.03,-0.025,0.29,0.35,,0,,,,55,B,2026-11-01T04:59:00Z,0,0,0,0,0,,,,YES,0,,,0,,,0,,0,0,,,,,,,,,0,,,,
9b029a11,94ac827e,2026-07-03,2026-07-03T11:06:02.455027+00:00,KXMLBDEBUT-JMADE-26NOV01,"Will Jesús Made play in a game for any team in the MLB before Nov 1, 2026?",paper,PASS,LOW,2,DRIFT,LONG,4,,0.5,0.45,-0.05,-0.29,0.35,,0,,,,32,D,2026-11-01T04:59:00Z,0,0,0,0,0,,,,NO,0,,,0,,,0,,0,0,,,,,,,,,0,,,,
68686c7d,94ac827e,2026-07-03,2026-07-03T11:06:02.464124+00:00,KXMLBDEBUT-FARIAS-26NOV01,"Will Franklin Arias play in a game for any team in the MLB before Nov 1, 2026?",paper,PASS,LOW,2,DRIFT,LONG,4,,0.38,0.38,0.0,-0.09,0.35,,0,,,,32,D,2026-11-01T04:59:00Z,0,0,0,0,0,,,,NO,0,,,0,,,0,,0,0,,,,,,,,,0,,,,
2e70d3c4,a8a32e54,2026-07-04,2026-07-04T11:14:16.687804+00:00,KXAGICO-COMP-26Q3,"Will any company announce that it has achieved Artificial General Intelligence (AGI) before Oct 1, 2026?",paper,PASS,LOW,2,HEURISTIC,QUARTERLY,3,,0.06,0.08,0.02,0.18,0.25,,0,,,,55,B,2026-10-01T03:59:00Z,0,0,0,0,0,,,,YES,0,,,0,,,0,,0,0,,,,,,,,,0,,,,
b0ed036e,a8a32e54,2026-07-04,2026-07-04T11:14:16.704067+00:00,KXNBARETIRE-DGREEN23-2627,Will Draymond Green announce his retirement before the 2026-27 NBA season?,paper,PASS,LOW,2,HEURISTIC,LONG,4,,0.06,0.08,0.02,0.22,0.3,,0,,,,55,B,2026-11-15T04:59:00Z,0,0,0,0,0,,,,YES,0,,,0,,,0,,0,0,,,,,,,,,0,,,,
49037778,a8a32e54,2026-07-04,2026-07-04T11:14:16.713324+00:00,KXMLBDEBUT-SWALCOTT-26NOV01,"Will Sebastian Walcott play in a game for any team in the MLB before Nov 1, 2026?",paper,PASS,LOW,2,HEURISTIC,LONG,4,,0.055,0.03,0.025,0.29,0.35,,0,,,,55,B,2026-11-01T04:59:00Z,0,0,0,0,0,,,,YES,0,,,0,,,0,,0,0,,,,,,,,,0,,,,
a50b5c24,a8a32e54,2026-07-04,2026-07-04T11:14:16.722127+00:00,KXMLBDEBUT-FARIAS-26NOV01,"Will Franklin Arias play in a game for any team in the MLB before Nov 1, 2026?",paper,PASS,LOW,2,DRIFT,LONG,4,,0.42,0.35,0.07,-0.07,0.35,,0,,,,32,D,2026-11-01T04:59:00Z,0,0,0,0,0,,,,NO,0,,,0,,,0,,0,0,,,,,,,,,0,,,,
fe63722e,a8a32e54,2026-07-04,2026-07-04T11:14:16.730292+00:00,KXMLBDEBUT-JMADE-26NOV01,"Will Jesús Made play in a game for any team in the MLB before Nov 1, 2026?",paper,PASS,LOW,2,DRIFT,LONG,4,,0.5,0.35,0.15,-0.29,0.35,,0,,,,32,D,2026-11-01T04:59:00Z,0,0,0,0,0,,,,NO,0,,,0,,,0,,0,0,,,,,,,,,0,,,,
9d4b95af,3a033d56,2026-07-05,2026-07-05T11:07:04.193018+00:00,KXIPOAIRTABLE-27JAN01,When will Airtable officially announce an IPO?,paper,PASS,LOW,2,DRIFT,LONG,4,,0.065,0.12,0.055,0.14,0.25,,0,,,,50,C,2027-01-01T04:59:00Z,0,0,0,0,0,,,,YES,0,,,0,,,0,,0,0,,,,,,,,,0,,,,
6e5ae1d7,3a033d56,2026-07-05,2026-07-05T11:07:04.233108+00:00,KXWAYMO-DATE-27JAN01,When will Waymo officially announce an IPO?,paper,PASS,LOW,2,HEURISTIC,LONG,4,,0.07,0.1,0.03,0.18,0.25,,0,,,,55,B,2027-01-01T04:59:00Z,0,0,0,0,0,,,,YES,0,,,0,,,0,,0,0,,,,,,,,,0,,,,
24c9b9b7,3a033d56,2026-07-05,2026-07-05T11:07:04.245375+00:00,KXYTUBESUBSISHOWSPEED-27,When will IShowSpeed reach 100 million Youtube subscribers?,paper,PASS,LOW,2,DRIFT,LONG,4,,0.1,0.05,0.05,,,,0,,,,40,C,2027-01-01T04:59:00Z,0,0,0,0,0,,,,,0,,,0,,,0,,0,0,,,,,,,,,0,,,,
62b835c7,3a033d56,2026-07-05,2026-07-05T11:07:04.255434+00:00,KXMLBDEBUT-JMADE-26NOV01,"Will Jesús Made play in a game for any team in the MLB before Nov 1, 2026?",paper,PASS,LOW,2,DRIFT,LONG,4,,0.5,0.2,0.3,-0.29,0.35,,0,,,,32,D,2026-11-01T04:59:00Z,0,0,0,0,0,,,,NO,0,,,0,,,0,,0,0,,,,,,,,,0,,,,
c647cea3,3a033d56,2026-07-05,2026-07-05T11:07:04.267789+00:00,KXFDAAPPROVE-MDMA-27JAN01,"Will the FDA approve midomafetamine / MDMA for PTSD before Jan 1, 2027?",paper,NO,MED,1,DRIFT,LONG,4,,0.155,0.05,0.105,0.23,0.4,,0,,,,60,B,2027-01-01T04:59:00Z,1,1,0,0,0,,,,YES,0,0.22,0.95,0,,,0,,0,0,,,,,,,,,0,,,,
5ab3543e,3a033d56,2026-07-05,2026-07-05T11:07:04.281847+00:00,KXMEDIARELEASEPRISONBREAK-30JAN01-27JAN01,"Will A New Season of Prison Break be released Worldwide before Jan 1, 2030?",paper,NO,MED,1,DRIFT,LONG,4,,0.275,0.12,0.155,-0.02,0.25,,0,,,,42,C,2027-01-01T04:59:00Z,0,1,0,0,0,,,,NO,0,-0.034,1.41,0,,,0,,0,0,,,,,,,,,0,,,,
2630abe5,851281f6,2026-07-06,2026-07-06T11:14:28.378651+00:00,KXTRUMPRUN-27JAN01,"Will Donald Trump announce a run for President of the United States before Jan 1, 2027?",paper,PASS,LOW,2,HEURISTIC,LONG,4,,0.052,0.07,0.018,0.289,0.35,,0,,,,60,B,2027-01-01T15:00:00Z,0,0,0,0,0,,,,YES,0,,,0,,,0,,0,0,,,,,,,,,0,,,,
9bff2e75,851281f6,2026-07-06,2026-07-06T11:14:28.430448+00:00,KXTVSEASONANNOUNCEEUP-JAN-27,"Will a new season of Euphoria be announced before Jan 1, 2027?",paper,PASS,MED,1,HEURISTIC,LONG,4,,0.07,0.04,-0.03,0.15,0.25,,0,,,,65,B,2027-01-01T15:00:00Z,0,0,0,0,0,,,,YES,0,,,0,,,0,,0,0,,,,,,,,,0,,,,
9d3c368e,851281f6,2026-07-06,2026-07-06T11:14:28.441856+00:00,KXIPOAIRTABLE-27JAN01,When will Airtable officially announce an IPO?,paper,PASS,LOW,2,DRIFT,LONG,4,,0.065,0.1,0.035,0.14,0.25,,0,,,,50,C,2027-01-01T04:59:00Z,0,0,0,0,0,,,,YES,0,,,0,,,0,,0,0,,,,,,,,,0,,,,
2b75453b,851281f6,2026-07-06,2026-07-06T11:14:28.451091+00:00,KXWAYMO-DATE-27JAN01,When will Waymo officially announce an IPO?,paper,PASS,LOW,2,HEURISTIC,LONG,4,,0.07,0.1,0.03,0.18,0.25,,0,,,,55,B,2027-01-01T04:59:00Z,0,0,0,0,0,,,,YES,0,,,0,,,0,,0,0,,,,,,,,,0,,,,
3e90087c,851281f6,2026-07-06,2026-07-06T11:14:28.460676+00:00,KXRECOGSOMALI-29-27,Will Trump recognize Somaliland?,paper,PASS,LOW,2,HEURISTIC,LONG,4,,0.115,0.13,0.015,0.18,0.3,,0,,,,55,B,2027-01-01T15:00:00Z,0,0,0,0,0,,,,YES,0,,,0,,,0,,0,0,,,,,,,,,0,,,,
84d24db5,851281f6,2026-07-06,2026-07-06T11:14:28.470355+00:00,KXVANCERUN-28-27JAN01,"Will JD Vance announce a run for President of the United States before Jan 1, 2027?",paper,PASS,LOW,2,HEURISTIC,LONG,4,,0.165,0.15,-0.015,0.16,0.35,,0,,,,55,B,2027-01-01T15:00:00Z,0,0,0,0,0,,,,YES,0,,,0,,,0,,0,0,,,,,,,,,0,,,,
95a42c22,851281f6,2026-07-06,2026-07-06T11:14:28.480035+00:00,KXIMPEACHCABINET-27JAN01,"Will any member of the Cabinet (defined as: the Vice President, Secretary of State, Secretary of the Treasury, Secretary of Defense, Attorney General, Secretary of the Interior, Secretary of Agriculture, Secretary of Commerce, Secretary of Labor, Secretary of Health and Human Services, Secretary of Housing and Urban Development, Secretary of Transportation, Secretary of Energy, Secretary of Education, Secretary of Veterans Affairs, Secretary of Homeland Security, Administrator of the Environmental Protection Agency, Director of the Office of Management and Budget, Director of National Intelligence, Trade Representative, Administrator of the Small Business Administration, White House Chief of Staff) be impeached before Jan 1, 2027?",paper,PASS,LOW,2,HEURISTIC,LONG,4,,0.066,0.07,0.004,0.072,0.15,,0,,,,46,C,2027-01-01T15:00:00Z,0,0,0,0,0,,,,YES,0,,,0,,,0,,0,0,,,,,,,,,0,,,,
c9067fa4,851281f6,2026-07-06,2026-07-06T11:14:28.529848+00:00,KXMLBDEBUT-KANDERSON-26NOV01,"Will Kade Anderson play in a game for any team in the MLB before Nov 1, 2026?",paper,YES,MED,1,DRIFT,LONG,4,,0.73,0.83,0.1,0.31,0.35,,0,,,,60,B,2026-11-01T04:59:00Z,1,1,0,0,0,,,,NO,0,0.296,0.86,0,,,0,,0,0,,,,,,,,,0,,,,
166a056d,851281f6,2026-07-06,2026-07-06T11:14:28.540989+00:00,KXALBUMRELEASEDATEBEY-NEW-JAN01-27,"Will Beyonce release new album before Jan 1, 2027?",paper,NO,MED,1,DRIFT,LONG,4,,0.63,0.45,-0.18,,,,0,,,,55,B,2027-01-01T15:00:00Z,0,1,1,0,0,,,,,0,,1.63,0,,,0,,0,0,,,,,,,,,0,,,,
48e24779,e6710015,2026-07-07,2026-07-07T11:07:00.976861+00:00,KXTRUMPRUN-27JAN01,"Will Donald Trump announce a run for President of the United States before Jan 1, 2027?",paper,PASS,LOW,2,HEURISTIC,LONG,4,,0.052,0.06,0.008,0.289,0.35,,0,,,,60,B,2027-01-01T15:00:00Z,0,0,0,0,0,,,,YES,0,,,0,,,0,,0,0,,,,,,,,,0,,,,
99f57d46,e6710015,2026-07-07,2026-07-07T11:07:01.013355+00:00,KXTVSEASONANNOUNCEEUP-JAN-27,"Will a new season of Euphoria be announced before Jan 1, 2027?",paper,PASS,LOW,2,HEURISTIC,LONG,4,,0.065,0.08,0.015,0.16,0.25,,0,,,,55,B,2027-01-01T15:00:00Z,0,0,0,0,0,,,,YES,0,,,0,,,0,,0,0,,,,,,,,,0,,,,
84d15158,e6710015,2026-07-07,2026-07-07T11:07:01.023444+00:00,KXRECOGSOMALI-29-27,Will Trump recognize Somaliland?,paper,PASS,LOW,2,HEURISTIC,LONG,4,,0.125,0.13,0.005,0.17,0.3,,0,,,,55,B,2027-01-01T15:00:00Z,0,0,0,0,0,,,,YES,0,,,0,,,0,,0,0,,,,,,,,,0,,,,
99ff567d,e6710015,2026-07-07,2026-07-07T11:07:01.030992+00:00,KXIPOAIRTABLE-27JAN01,When will Airtable officially announce an IPO?,paper,PASS,LOW,2,DRIFT,LONG,4,,0.065,0.12,0.055,0.14,0.25,,0,,,,50,C,2027-01-01T04:59:00Z,0,0,0,0,0,,,,YES,0,,,0,,,0,,0,0,,,,,,,,,0,,,,
9516a738,e6710015,2026-07-07,2026-07-07T11:07:01.038531+00:00,KXVANCERUN-28-27JAN01,"Will JD Vance announce a run for President of the United States before Jan 1, 2027?",paper,PASS,LOW,2,HEURISTIC,LONG,4,,0.16,0.19,0.03,0.16,0.35,,0,,,,55,B,2027-01-01T15:00:00Z,0,0,0,0,0,,,,YES,0,,,0,,,0,,0,0,,,,,,,,,0,,,,
932ffa9b,e6710015,2026-07-07,2026-07-07T11:07:01.050149+00:00,KXWAYMO-DATE-27JAN01,When will Waymo officially announce an IPO?,paper,PASS,LOW,2,HEURISTIC,LONG,4,,0.07,0.12,0.05,0.18,0.25,,0,,,,55,B,2027-01-01T04:59:00Z,0,0,0,0,0,,,,YES,0,,,0,,,0,,0,0,,,,,,,,,0,,,,
b4f490b5,e6710015,2026-07-07,2026-07-07T11:07:01.057873+00:00,KXFDAAPPROVE-MDMA-27JAN01,"Will the FDA approve midomafetamine / MDMA for PTSD before Jan 1, 2027?",paper,PASS,LOW,2,DRIFT,LONG,4,,0.155,0.06,-0.095,0.22,0.4,,0,,,,50,C,2027-01-01T04:59:00Z,0,0,0,0,0,,,,YES,0,,,0,,,0,,0,0,,,,,,,,,0,,,,
ed0f8c6d,0d93e95b,2026-07-08,2026-07-08T21:49:05.711148+00:00,KXTRUMPRUN-27JAN01,"Will Donald Trump announce a run for President of the United States before Jan 1, 2027?",paper,PASS,LOW,2,HEURISTIC,LONG,4,,0.052,0.08,0.028,0.289,0.35,,0,,,,60,B,2027-01-01T15:00:00Z,0,0,0,0,0,,,,YES,0,,,0,,,0,,0,0,,,,,,,,,0,,,,
f3778e6e,0d93e95b,2026-07-08,2026-07-08T21:49:05.720216+00:00,KXTVSEASONANNOUNCEEUP-JAN-27,"Will a new season of Euphoria be announced before Jan 1, 2027?",paper,PASS,LOW,2,HEURISTIC,LONG,4,,0.065,0.1,0.035,0.16,0.25,,0,,,,55,B,2027-01-01T15:00:00Z,0,0,0,0,0,,,,YES,0,,,0,,,0,,0,0,,,,,,,,,0,,,,
b7c847d5,0d93e95b,2026-07-08,2026-07-08T21:49:05.729646+00:00,KXRECOGSOMALI-29-27,Will Trump recognize Somaliland?,paper,PASS,LOW,2,HEURISTIC,LONG,4,,0.12,0.09,0.03,0.17,0.3,,0,,,,55,B,2027-01-01T15:00:00Z,0,0,0,0,0,,,,YES,0,,,0,,,0,,0,0,,,,,,,,,0,,,,
07276b1f,0d93e95b,2026-07-08,2026-07-08T21:49:05.737272+00:00,KXVANCERUN-28-27JAN01,"Will JD Vance announce a run for President of the United States before Jan 1, 2027?",paper,PASS,LOW,2,HEURISTIC,LONG,4,,0.16,0.21,0.05,0.16,0.35,,0,,,,55,B,2027-01-01T15:00:00Z,0,0,0,0,0,,,,YES,0,,,0,,,0,,0,0,,,,,,,,,0,,,,
3ec80870,0d93e95b,2026-07-08,2026-07-08T21:49:05.745300+00:00,KXFDAAPPROVE-MDMA-27JAN01,"Will the FDA approve midomafetamine / MDMA for PTSD before Jan 1, 2027?",paper,PASS,LOW,2,DRIFT,LONG,4,,0.155,0.16,0.005,0.22,0.4,,0,,,,50,C,2027-01-01T04:59:00Z,0,0,0,0,0,,,,YES,0,,,0,,,0,,0,0,,,,,,,,,0,,,,
99e20e76,0d93e95b,2026-07-08,2026-07-08T21:49:05.752384+00:00,KXIPOAIRTABLE-27JAN01,When will Airtable officially announce an IPO?,paper,PASS,LOW,2,DRIFT,LONG,4,,0.065,0.1,0.035,0.14,0.25,,0,,,,50,C,2027-01-01T04:59:00Z,0,0,0,0,0,,,,YES,0,,,0,,,0,,0,0,,,,,,,,,0,,,,
6eaf940f,0d93e95b,2026-07-08,2026-07-08T21:49:05.771931+00:00,KXCABLEAVE-26MAY22-26AUG,Will any member of Trump's Cabinet leave before Aug 2026?,paper,YES,MED,1,DRIFT,MONTHLY,2,,0.175,0.32,0.145,0.44,0.65,LOSS,1,0,-0.175,-1.75,65,B,2026-08-02T03:59:00Z,1,1,0,0,0,,,,YES,0,0.429,1.34,0,,,0,,0,0,,,,,,,,,0,,0.1024,0.0306,-14.5
1d099e62,0d93e95b,2026-07-08,2026-07-08T21:49:05.780704+00:00,KXSPCELAUNCH-COMM-27JAN01,When will Virgin Galactic launch next commercial Delta-class SpaceShip ?,paper,NO,MED,1,HEURISTIC,LONG,4,,0.68,0.45,0.23,0.3,0.35,,0,,,,65,B,2027-01-01T04:59:00Z,1,0,0,0,0,,,,NO,0,0.284,2.14,0,,,0,,0,0,,,,,,,,,0,,,,
14f9f6b4,1f9fc1e1,2026-07-09,2026-07-09T11:09:15.078753+00:00,KXMLBDEBUT-KANDERSON-26NOV01,"Will Kade Anderson play in a game for any team in the MLB before Nov 1, 2026?",paper,PASS,LOW,2,DRIFT,LONG,4,,0.735,0.68,0.055,0.31,0.35,,0,,,,50,C,2026-11-01T04:59:00Z,0,0,0,0,0,,,,NO,0,,,0,,,0,,0,0,,,,,,,,,0,,,,
0da6a83b,1f9fc1e1,2026-07-09,2026-07-09T11:09:15.116622+00:00,KXTRUMPRUN-27JAN01,"Will Donald Trump announce a run for President of the United States before Jan 1, 2027?",paper,PASS,LOW,2,HEURISTIC,LONG,4,,0.052,0.08,0.028,0.289,0.35,,0,,,,60,B,2027-01-01T15:00:00Z,0,0,0,0,0,,,,YES,0,,,0,,,0,,0,0,,,,,,,,,0,,,,
50dccf42,1f9fc1e1,2026-07-09,2026-07-09T11:09:15.125339+00:00,KXTVSEASONANNOUNCEEUP-JAN-27,"Will a new season of Euphoria be announced before Jan 1, 2027?",paper,PASS,MED,1,HEURISTIC,LONG,4,,0.065,0.05,0.015,0.16,0.25,,0,,,,65,B,2027-01-01T15:00:00Z,0,0,0,0,0,,,,YES,0,,,0,,,0,,0,0,,,,,,,,,0,,,,
9e021ea1,1f9fc1e1,2026-07-09,2026-07-09T11:09:15.136339+00:00,KXIPOAIRTABLE-27JAN01,When will Airtable officially announce an IPO?,paper,PASS,LOW,2,DRIFT,LONG,4,,0.065,0.15,0.085,0.14,0.25,,0,,,,50,C,2027-01-01T04:59:00Z,0,0,0,0,0,,,,YES,0,,,0,,,0,,0,0,,,,,,,,,0,,,,
991f5e3c,1f9fc1e1,2026-07-09,2026-07-09T11:09:15.143592+00:00,KXFDAAPPROVE-MDMA-27JAN01,"Will the FDA approve midomafetamine / MDMA for PTSD before Jan 1, 2027?",paper,PASS,LOW,2,DRIFT,LONG,4,,0.155,0.1,0.055,0.22,0.4,,0,,,,50,C,2027-01-01T04:59:00Z,0,0,0,0,0,,,,YES,0,,,0,,,0,,0,0,,,,,,,,,0,,,,
9a6cf24e,1f9fc1e1,2026-07-09,2026-07-09T11:09:15.151587+00:00,KXWAYMO-DATE-27JAN01,When will Waymo officially announce an IPO?,paper,PASS,LOW,2,HEURISTIC,LONG,4,,0.07,0.17,0.1,0.18,0.25,,0,,,,55,B,2027-01-01T04:59:00Z,0,0,0,0,0,,,,YES,0,,,0,,,0,,0,0,,,,,,,,,0,,,,
62f4818a,1f9fc1e1,2026-07-09,2026-07-09T11:09:15.160048+00:00,KXIMPEACHCABINET-27JAN01,"Will any member of the Cabinet (defined as: the Vice President, Secretary of State, Secretary of the Treasury, Secretary of Defense, Attorney General, Secretary of the Interior, Secretary of Agriculture, Secretary of Commerce, Secretary of Labor, Secretary of Health and Human Services, Secretary of Housing and Urban Development, Secretary of Transportation, Secretary of Energy, Secretary of Education, Secretary of Veterans Affairs, Secretary of Homeland Security, Administrator of the Environmental Protection Agency, Director of the Office of Management and Budget, Director of National Intelligence, Trade Representative, Administrator of the Small Business Administration, White House Chief of Staff) be impeached before Jan 1, 2027?",paper,PASS,LOW,2,HEURISTIC,LONG,4,,0.066,0.1,0.034,0.07,0.15,,0,,,,46,C,2027-01-01T15:00:00Z,0,0,0,0,0,,,,YES,0,,,0,,,0,,0,0,,,,,,,,,0,,,,
7866ceba,1f9fc1e1,2026-07-09,2026-07-09T11:09:15.168965+00:00,KXRECOGSOMALI-29-27,Will Trump recognize Somaliland?,paper,PASS,LOW,2,HEURISTIC,LONG,4,,0.12,0.15,0.03,0.17,0.3,,0,,,,60,B,2027-01-01T15:00:00Z,0,0,0,0,0,,,,YES,0,,,0,,,0,,0,0,,,,,,,,,0,,,,
2288a76b,aa0eb9ff,2026-07-10,2026-07-10T20:21:35.685076+00:00,KXMLBDEBUT-KANDERSON-26NOV01,"Will Kade Anderson play in a game for any team in the MLB before Nov 1, 2026?",paper,PASS,LOW,2,DRIFT,LONG,4,,0.73,0.8,0.07,0.3,0.35,,0,,,,50,C,2026-11-01T04:59:00Z,0,0,0,0,0,,,,NO,0,,,0,,,0,,0,0,,,,,,,,,0,,,,
70acbdfd,aa0eb9ff,2026-07-10,2026-07-10T20:21:35.695212+00:00,KXTVSEASONRELEASETHELASTOFUS-27-JAN,"When will ""The Last of Us"" Season 3 be released?",paper,PASS,MED,1,HEURISTIC,LONG,4,,0.075,0.05,-0.025,0.15,0.25,,0,,,,60,B,2027-01-01T15:00:00Z,0,0,0,0,0,,,,YES,0,,,0,,,0,,0,0,,,,,,,,,0,,,,
ee30fb87,aa0eb9ff,2026-07-10,2026-07-10T20:21:35.710318+00:00,KXTRUMPRUN-27JAN01,"Will Donald Trump announce a run for President of the United States before Jan 1, 2027?",paper,PASS,LOW,2,HEURISTIC,LONG,4,,0.052,0.07,0.018,0.289,0.35,,0,,,,60,B,2027-01-01T15:00:00Z,0,0,0,0,0,,,,YES,0,,,0,,,0,,0,0,,,,,,,,,0,,,,
1baca57d,aa0eb9ff,2026-07-10,2026-07-10T20:21:35.721743+00:00,KXTVSEASONANNOUNCEEUP-JAN-27,"Will a new season of Euphoria be announced before Jan 1, 2027?",paper,PASS,MED,1,HEURISTIC,LONG,4,,0.065,0.04,-0.025,0.16,0.25,,0,,,,65,B,2027-01-01T15:00:00Z,0,0,0,0,0,,,,YES,0,,,0,,,0,,0,0,,,,,,,,,0,,,,
d9309493,aa0eb9ff,2026-07-10,2026-07-10T20:21:35.734655+00:00,KXWAYMO-DATE-27JAN01,When will Waymo officially announce an IPO?,paper,PASS,LOW,2,HEURISTIC,LONG,4,,0.07,0.1,0.03,0.18,0.25,,0,,,,55,B,2027-01-01T04:59:00Z,0,0,0,0,0,,,,YES,0,,,0,,,0,,0,0,,,,,,,,,0,,,,
87253143,aa0eb9ff,2026-07-10,2026-07-10T20:21:35.748976+00:00,KXRECOGSOMALI-29-27,Will Trump recognize Somaliland?,paper,PASS,MED,1,HEURISTIC,LONG,4,,0.12,0.08,-0.04,0.17,0.3,,0,,,,70,A,2027-01-01T15:00:00Z,0,0,0,0,0,,,,YES,0,,,0,,,0,,0,0,,,,,,,,,0,,,,
e547a6dd,aa0eb9ff,2026-07-10,2026-07-10T20:21:35.758807+00:00,KXVANCERUN-28-27JAN01,"Will JD Vance announce a run for President of the United States before Jan 1, 2027?",paper,PASS,LOW,2,HEURISTIC,LONG,4,,0.16,0.14,-0.02,0.16,0.35,,0,,,,55,B,2027-01-01T15:00:00Z,0,0,0,0,0,,,,YES,0,,,0,,,0,,0,0,,,,,,,,,0,,,,
712f566a,527a6f31,2026-07-11,2026-07-11T11:07:46.329568+00:00,KXTVSEASONRELEASETHELASTOFUS-27-JAN,"When will ""The Last of Us"" Season 3 be released?",paper,PASS,LOW,2,HEURISTIC,LONG,4,,0.075,0.05,-0.025,0.15,0.25,,0,,,,50,C,2027-01-01T15:00:00Z,0,0,0,0,0,,,,YES,0,,,0,,,0,,0,0,,,,,,,,,0,,,,
05712059,527a6f31,2026-07-11,2026-07-11T11:07:46.340708+00:00,KXMLBDEBUT-ZHOPE-26NOV01,"Will Zyhir Hope play in a game for any team in the MLB before Nov 1, 2026?",paper,PASS,LOW,2,DRIFT,LONG,4,,0.155,0.18,0.025,0.12,0.35,,0,,,,50,C,2026-11-01T04:59:00Z,0,0,0,0,0,,,,YES,0,,,0,,,0,,0,0,,,,,,,,,0,,,,
07ca9b69,527a6f31,2026-07-11,2026-07-11T11:07:46.349754+00:00,KXIMPEACHCABINET-27JAN01,"Will any member of the Cabinet (defined as: the Vice President, Secretary of State, Secretary of the Treasury, Secretary of Defense, Attorney General, Secretary of the Interior, Secretary of Agriculture, Secretary of Commerce, Secretary of Labor, Secretary of Health and Human Services, Secretary of Housing and Urban Development, Secretary of Transportation, Secretary of Energy, Secretary of Education, Secretary of Veterans Affairs, Secretary of Homeland Security, Administrator of the Environmental Protection Agency, Director of the Office of Management and Budget, Director of National Intelligence, Trade Representative, Administrator of the Small Business Administration, White House Chief of Staff) be impeached before Jan 1, 2027?",paper,PASS,LOW,2,HEURISTIC,LONG,4,,0.06,0.12,0.06,0.08,0.15,,0,,,,46,C,2027-01-01T15:00:00Z,0,0,0,0,0,,,,YES,0,,,0,,,0,,0,0,,,,,,,,,0,,,,
20db8fb5,527a6f31,2026-07-11,2026-07-11T11:07:46.358072+00:00,KXVANCERUN-28-27JAN01,"Will JD Vance announce a run for President of the United States before Jan 1, 2027?",paper,PASS,LOW,2,HEURISTIC,LONG,4,,0.16,0.16,0.0,0.16,0.35,,0,,,,55,B,2027-01-01T15:00:00Z,0,0,0,0,0,,,,YES,0,,,0,,,0,,0,0,,,,,,,,,0,,,,
93e0e4c8,527a6f31,2026-07-11,2026-07-11T11:07:46.377927+00:00,KXARTISTCOLLABTHUGANDGUNNA-30-2027,Will Young Thug and Gunna make a song together?,paper,NO,MED,1,DRIFT,LONG,4,,0.195,0.07,-0.125,,,,0,,,,50,C,2027-01-01T15:00:00Z,0,1,1,0,0,,,,,0,,1.14,0,,,0,,0,0,,,,,,,,,0,,,,
15adb14e,2906bc3b,2026-07-12,2026-07-12T11:14:13.137532+00:00,KXMLBDEBUT-ZHOPE-26NOV01,"Will Zyhir Hope play in a game for any team in the MLB before Nov 1, 2026?",paper,PASS,LOW,2,DRIFT,LONG,4,,0.155,0.22,0.065,0.12,0.35,,0,,,,50,C,2026-11-01T04:59:00Z,0,0,0,0,0,,,,YES,0,,,0,,,0,,0,0,,,,,,,,,0,,,,
804bce36,2906bc3b,2026-07-12,2026-07-12T11:14:13.148728+00:00,KXTVSEASONRELEASETHELASTOFUS-27-JAN,"When will ""The Last of Us"" Season 3 be released?",paper,PASS,LOW,2,HEURISTIC,LONG,4,,0.075,0.07,-0.005,0.15,0.25,,0,,,,50,C,2027-01-01T15:00:00Z,0,0,0,0,0,,,,YES,0,,,0,,,0,,0,0,,,,,,,,,0,,,,
c88abfd4,2906bc3b,2026-07-12,2026-07-12T11:14:13.157026+00:00,KXFDAAPPROVE-MDMA-27JAN01,"Will the FDA approve midomafetamine / MDMA for PTSD before Jan 1, 2027?",paper,PASS,LOW,2,DRIFT,LONG,4,,0.155,0.07,-0.085,0.22,0.4,,0,,,,50,C,2027-01-01T04:59:00Z,0,0,0,0,0,,,,YES,0,,,0,,,0,,0,0,,,,,,,,,0,,,,
286a5176,2906bc3b,2026-07-12,2026-07-12T11:14:13.165187+00:00,KXIMPEACHCABINET-27JAN01,"Will any member of the Cabinet (defined as: the Vice President, Secretary of State, Secretary of the Treasury, Secretary of Defense, Attorney General, Secretary of the Interior, Secretary of Agriculture, Secretary of Commerce, Secretary of Labor, Secretary of Health and Human Services, Secretary of Housing and Urban Development, Secretary of Transportation, Secretary of Energy, Secretary of Education, Secretary of Veterans Affairs, Secretary of Homeland Security, Administrator of the Environmental Protection Agency, Director of the Office of Management and Budget, Director of National Intelligence, Trade Representative, Administrator of the Small Business Administration, White House Chief of Staff) be impeached before Jan 1, 2027?",paper,PASS,LOW,2,HEURISTIC,LONG,4,,0.065,0.1,0.035,0.071,0.15,,0,,,,46,C,2027-01-01T15:00:00Z,0,0,0,0,0,,,,YES,0,,,0,,,0,,0,0,,,,,,,,,0,,,,
f1208e42,2906bc3b,2026-07-12,2026-07-12T11:14:13.173217+00:00,KXARTISTCOLLABTHUGANDGUNNA-30-2027,Will Young Thug and Gunna make a song together?,paper,PASS,LOW,2,DRIFT,LONG,4,,0.195,0.22,0.025,,,,0,,,,40,C,2027-01-01T15:00:00Z,0,0,0,0,0,,,,,0,,,0,,,0,,0,0,,,,,,,,,0,,,,
4edc5d92,2906bc3b,2026-07-12,2026-07-12T11:14:13.181259+00:00,KXMEDIARELEASEPRISONBREAK-30JAN01-27JAN01,"Will A New Season of Prison Break be released Worldwide before Jan 1, 2030?",paper,PASS,LOW,2,DRIFT,LONG,4,,0.25,0.24,-0.01,-0.04,0.25,,0,,,,32,D,2027-01-01T04:59:00Z,0,0,0,0,0,,,,NEUTRAL,0,,,0,,,0,,0,0,,,,,,,,,0,,,,
1c34e795,b3aeb588,2026-07-13,2026-07-13T11:07:23.859422+00:00,KXCABLEAVE-26MAY22-26AUG,Will any member of Trump's Cabinet leave before Aug 2026?,paper,PASS,LOW,2,DRIFT,MONTHLY,2,,0.135,0.135,0.0,0.48,0.65,LOSS,1,0,0.0,0.0,55,B,2026-08-02T03:59:00Z,0,0,0,0,0,,,,YES,0,,,0,,,0,,0,0,,,,,,,,,0,,,,
adf3f5d8,b3aeb588,2026-07-13,2026-07-13T11:07:23.870516+00:00,KXNBARETIRE-RWESTBROOK18-2627,Will Russell Westbrook announce his retirement before the 2026-27 NBA season?,paper,PASS,LOW,2,HEURISTIC,LONG,4,,0.15,0.12,-0.03,0.11,0.3,,0,,,,55,B,2026-11-15T04:59:00Z,0,0,0,0,0,,,,YES,0,,,0,,,0,,0,0,,,,,,,,,0,,,,
b7837ad1,b3aeb588,2026-07-13,2026-07-13T11:07:23.878922+00:00,KXMLBDEBUT-KANDERSON-26NOV01,"Will Kade Anderson play in a game for any team in the MLB before Nov 1, 2026?",paper,PASS,MED,1,HEURISTIC,LONG,4,,0.715,0.6,-0.115,0.31,0.35,,0,,,,65,B,2026-11-01T04:59:00Z,0,0,0,0,0,,,,NO,0,,,0,,,0,,0,0,,,,,,,,,0,,,,
b58185f8,b3aeb588,2026-07-13,2026-07-13T11:07:23.887542+00:00,KXSPCELAUNCH-COMM-27JAN01,When will Virgin Galactic launch next commercial Delta-class SpaceShip ?,paper,PASS,LOW,2,HEURISTIC,LONG,4,,0.6,0.55,-0.05,0.22,0.35,,0,,,,55,B,2027-01-01T04:59:00Z,0,0,0,0,0,,,,NO,0,,,0,,,0,,0,0,,,,,,,,,0,,,,
1e861843,b3aeb588,2026-07-13,2026-07-13T11:07:23.896158+00:00,KXVETOOVERRIDE-29JAN20-27,Will Congress override Trump's veto before 2027?,paper,PASS,LOW,2,DRIFT,LONG,4,,0.135,0.1,-0.035,0.05,0.2,,0,,,,47,C,2027-01-01T15:00:00Z,0,0,0,0,0,,,,YES,0,,,0,,,0,,0,0,,,,,,,,,0,,,,
ccfa0748,b3aeb588,2026-07-13,2026-07-13T11:07:23.902984+00:00,KXMLBDEBUT-ZHOPE-26NOV01,"Will Zyhir Hope play in a game for any team in the MLB before Nov 1, 2026?",paper,PASS,LOW,2,DRIFT,LONG,4,,0.155,0.2,0.045,0.12,0.35,,0,,,,50,C,2026-11-01T04:59:00Z,0,0,0,0,0,,,,YES,0,,,0,,,0,,0,0,,,,,,,,,0,,,,
f0e80c32,b3aeb588,2026-07-13,2026-07-13T11:07:23.913889+00:00,KXIMPEACHCABINET-27JAN01,"Will any member of the Cabinet (defined as: the Vice President, Secretary of State, Secretary of the Treasury, Secretary of Defense, Attorney General, Secretary of the Interior, Secretary of Agriculture, Secretary of Commerce, Secretary of Labor, Secretary of Health and Human Services, Secretary of Housing and Urban Development, Secretary of Transportation, Secretary of Energy, Secretary of Education, Secretary of Veterans Affairs, Secretary of Homeland Security, Administrator of the Environmental Protection Agency, Director of the Office of Management and Budget, Director of National Intelligence, Trade Representative, Administrator of the Small Business Administration, White House Chief of Staff) be impeached before Jan 1, 2027?",paper,PASS,LOW,2,HEURISTIC,LONG,4,,0.06,0.08,0.02,0.08,0.15,,0,,,,46,C,2027-01-01T15:00:00Z,0,0,0,0,0,,,,YES,0,,,0,,,0,,0,0,,,,,,,,,0,,,,
f668264d,b3aeb588,2026-07-13,2026-07-13T11:07:23.922457+00:00,KXFDAAPPROVE-MDMA-27JAN01,"Will the FDA approve midomafetamine / MDMA for PTSD before Jan 1, 2027?",paper,PASS,LOW,2,DRIFT,LONG,4,,0.155,0.1,-0.055,0.22,0.4,,0,,,,50,C,2027-01-01T04:59:00Z,0,0,0,0,0,,,,YES,0,,,0,,,0,,0,0,,,,,,,,,0,,,,
d28bbbc8,b3aeb588,2026-07-13,2026-07-13T11:07:23.930477+00:00,KXTVSEASONRELEASETHELASTOFUS-27-JAN,"When will ""The Last of Us"" Season 3 be released?",paper,PASS,LOW,2,HEURISTIC,LONG,4,,0.075,0.04,-0.035,0.15,0.25,,0,,,,50,C,2027-01-01T15:00:00Z,0,0,0,0,0,,,,YES,0,,,0,,,0,,0,0,,,,,,,,,0,,,,
5a5de9fd,7a1371dd,2026-07-14,2026-07-14T11:13:13.760915+00:00,KXCABLEAVE-26MAY22-26AUG,Will any member of Trump's Cabinet leave before Aug 2026?,paper,PASS,LOW,2,HEURISTIC,MONTHLY,2,,0.13,0.2,0.07,0.49,0.65,LOSS,1,0,0.0,0.0,60,B,2026-08-02T03:59:00Z,0,0,0,0,0,,,,YES,0,,,0,,,0,,0,0,,,,,,,,,0,,,,
475b7883,7a1371dd,2026-07-14,2026-07-14T11:13:13.774838+00:00,KXNBARETIRE-RWESTBROOK18-2627,Will Russell Westbrook announce his retirement before the 2026-27 NBA season?,paper,PASS,LOW,2,HEURISTIC,LONG,4,,0.15,0.08,0.07,0.11,0.3,,0,,,,55,B,2026-11-15T04:59:00Z,0,0,0,0,0,,,,YES,0,,,0,,,0,,0,0,,,,,,,,,0,,,,
e0b7f648,7a1371dd,2026-07-14,2026-07-14T11:13:13.783008+00:00,KXMLBDEBUT-KANDERSON-26NOV01,"Will Kade Anderson play in a game for any team in the MLB before Nov 1, 2026?",paper,PASS,LOW,2,HEURISTIC,LONG,4,,0.715,0.6,0.115,0.31,0.35,,0,,,,55,B,2026-11-01T04:59:00Z,0,0,0,0,0,,,,NO,0,,,0,,,0,,0,0,,,,,,,,,0,,,,
8e3c8aba,7a1371dd,2026-07-14,2026-07-14T11:13:13.791676+00:00,KXTVSEASONRELEASETHELASTOFUS-27-JAN,"When will ""The Last of Us"" Season 3 be released?",paper,PASS,LOW,2,HEURISTIC,LONG,4,,0.075,0.08,0.005,0.15,0.25,,0,,,,50,C,2027-01-01T15:00:00Z,0,0,0,0,0,,,,YES,0,,,0,,,0,,0,0,,,,,,,,,0,,,,
4a563b2b,7a1371dd,2026-07-14,2026-07-14T11:13:13.799493+00:00,KXMLBDEBUT-ZHOPE-26NOV01,"Will Zyhir Hope play in a game for any team in the MLB before Nov 1, 2026?",paper,PASS,LOW,2,DRIFT,LONG,4,,0.155,0.11,0.045,0.12,0.35,,0,,,,50,C,2026-11-01T04:59:00Z,0,0,0,0,0,,,,YES,0,,,0,,,0,,0,0,,,,,,,,,0,,,,
5e90e9b9,7a1371dd,2026-07-14,2026-07-14T11:13:13.806389+00:00,KXMEDIARELEASEPRISONBREAK-30JAN01-27JAN01,"Will A New Season of Prison Break be released Worldwide before Jan 1, 2030?",paper,PASS,LOW,2,DRIFT,LONG,4,,0.25,0.27,0.02,-0.04,0.25,,0,,,,32,D,2027-01-01T04:59:00Z,0,0,0,0,0,,,,NEUTRAL,0,,,0,,,0,,0,0,,,,,,,,,0,,,,
2c5fc4cd,7a1371dd,2026-07-14,2026-07-14T11:13:13.816586+00:00,KXALBUMRELEASEDATEBEY-NEW-JAN01-27,"Will Beyonce release new album before Jan 1, 2027?",paper,NO,MED,1,DRIFT,LONG,4,,0.605,0.32,0.285,,,,0,,,,55,B,2027-01-01T15:00:00Z,0,1,1,0,0,,,,,0,,2.68,0,,,0,,0,0,,,,,,,,,0,,,,
e431a9d8,3e9140ab,2026-07-15,2026-07-15T19:07:32.423164+00:00,KXAGICO-COMP-26Q3,"Will any company announce that it has achieved Artificial General Intelligence (AGI) before Oct 1, 2026?",paper,PASS,LOW,2,HEURISTIC,QUARTERLY,3,,0.065,0.08,0.015,0.18,0.25,,0,,,,55,B,2026-10-01T03:59:00Z,0,0,0,0,0,,,,YES,0,,,0,,,0,,0,0,,,,,,,,,0,,,,
6d8e6d23,3e9140ab,2026-07-15,2026-07-15T19:07:32.431945+00:00,KXNBARETIRE-RWESTBROOK18-2627,Will Russell Westbrook announce his retirement before the 2026-27 NBA season?,paper,PASS,LOW,2,HEURISTIC,LONG,4,,0.15,0.1,0.05,0.11,0.3,,0,,,,55,B,2026-11-15T04:59:00Z,0,0,0,0,0,,,,YES,0,,,0,,,0,,0,0,,,,,,,,,0,,,,
b4336328,3e9140ab,2026-07-15,2026-07-15T19:07:32.440652+00:00,KXNBARETIRE-DGREEN23-2627,Will Draymond Green announce his retirement before the 2026-27 NBA season?,paper,PASS,LOW,2,HEURISTIC,LONG,4,,0.05,0.04,0.01,0.22,0.3,,0,,,,55,B,2026-11-15T04:59:00Z,0,0,0,0,0,,,,YES,0,,,0,,,0,,0,0,,,,,,,,,0,,,,
ef702b7a,3e9140ab,2026-07-15,2026-07-15T19:07:32.448306+00:00,KXMLBDEBUT-KANDERSON-26NOV01,"Will Kade Anderson play in a game for any team in the MLB before Nov 1, 2026?",paper,PASS,LOW,2,HEURISTIC,LONG,4,,0.715,0.62,0.095,0.31,0.35,,0,,,,55,B,2026-11-01T04:59:00Z,0,0,0,0,0,,,,NO,0,,,0,,,0,,0,0,,,,,,,,,0,,,,
f1ec691b,3e9140ab,2026-07-15,2026-07-15T19:07:32.456590+00:00,KXMLBDEBUT-SWALCOTT-26NOV01,"Will Sebastian Walcott play in a game for any team in the MLB before Nov 1, 2026?",paper,PASS,LOW,2,DRIFT,LONG,4,,0.165,0.05,0.115,0.09,0.35,,0,,,,46,C,2026-11-01T04:59:00Z,0,0,0,0,0,,,,YES,0,,,0,,,0,,0,0,,,,,,,,,0,,,,
00173a6a,3e9140ab,2026-07-15,2026-07-15T19:07:32.469746+00:00,KXMLBDEBUT-ZHOPE-26NOV01,"Will Zyhir Hope play in a game for any team in the MLB before Nov 1, 2026?",paper,PASS,LOW,2,DRIFT,LONG,4,,0.155,0.1,0.055,0.12,0.35,,0,,,,50,C,2026-11-01T04:59:00Z,0,0,0,0,0,,,,YES,0,,,0,,,0,,0,0,,,,,,,,,0,,,,
97c55f07,31055ebc,2026-07-16,2026-07-16T11:08:26.980112+00:00,KXAGICO-COMP-26Q3,"Will any company announce that it has achieved Artificial General Intelligence (AGI) before Oct 1, 2026?",paper,PASS,LOW,2,HEURISTIC,QUARTERLY,3,,0.065,0.06,-0.005,0.18,0.25,,0,,,,55,B,2026-10-01T03:59:00Z,0,0,0,0,0,,,,YES,0,,,0,,,0,,0,0,,,,,,,,,0,,,,
685d4cb2,31055ebc,2026-07-16,2026-07-16T11:08:26.989431+00:00,KXNBARETIRE-RWESTBROOK18-2627,Will Russell Westbrook announce his retirement before the 2026-27 NBA season?,paper,PASS,LOW,2,HEURISTIC,LONG,4,,0.15,0.11,-0.04,0.11,0.3,,0,,,,55,B,2026-11-15T04:59:00Z,0,0,0,0,0,,,,YES,0,,,0,,,0,,0,0,,,,,,,,,0,,,,
72a42259,31055ebc,2026-07-16,2026-07-16T11:08:27.013841+00:00,KXMLBDEBUT-SWALCOTT-26NOV01,"Will Sebastian Walcott play in a game for any team in the MLB before Nov 1, 2026?",paper,PASS,LOW,2,DRIFT,LONG,4,,0.165,0.15,-0.015,0.09,0.35,,0,,,,46,C,2026-11-01T04:59:00Z,0,0,0,0,0,,,,YES,0,,,0,,,0,,0,0,,,,,,,,,0,,,,
a1485aa8,31055ebc,2026-07-16,2026-07-16T11:08:27.026093+00:00,KXARTISTCOLLABTHUGANDGUNNA-30-2027,Will Young Thug and Gunna make a song together?,paper,PASS,LOW,2,DRIFT,LONG,4,,0.195,0.2,0.005,,,,0,,,,40,C,2027-01-01T15:00:00Z,0,0,0,0,0,,,,,0,,,0,,,0,,0,0,,,,,,,,,0,,,,
df542a91,31055ebc,2026-07-16,2026-07-16T11:08:27.038967+00:00,KXMEDIARELEASEPRISONBREAK-30JAN01-27JAN01,"Will A New Season of Prison Break be released Worldwide before Jan 1, 2030?",paper,PASS,LOW,2,DRIFT,LONG,4,,0.25,0.28,0.03,-0.04,0.25,,0,,,,32,D,2027-01-01T04:59:00Z,0,0,0,0,0,,,,NEUTRAL,0,,,0,,,0,,0,0,,,,,,,,,0,,,,
4965af4e,31055ebc,2026-07-16,2026-07-16T11:08:27.047060+00:00,KXMLBDEBUT-JMADE-26NOV01,"Will Jesús Made play in a game for any team in the MLB before Nov 1, 2026?",paper,PASS,LOW,2,DRIFT,LONG,4,,0.21,0.2,-0.01,0.0,0.35,,0,,,,32,D,2026-11-01T04:59:00Z,0,0,0,0,0,,,,YES,0,,,0,,,0,,0,0,,,,,,,,,0,,,,
5f189d0b,31055ebc,2026-07-16,2026-07-16T11:08:27.082902+00:00,KXMANAGEROUTDATE-28TUCHEL-26AUG01,"Will Thomas Tuchel be out before Aug 1, 2026?",paper,NO,MED,1,DRIFT,MONTHLY,2,,0.185,0.06,-0.125,,,WIN,1,1,0.185,1.85,55,B,2026-08-01T03:59:00Z,0,1,1,0,0,,,,,0,,1.14,0,,,0,,0,0,,,,,,,,,0,,0.0036,0.0342,17.5
67bd5dee,577b0293,2026-07-17,2026-07-17T11:15:21.392100+00:00,KXCABLEAVE-26MAY22-26AUG,Will any member of Trump's Cabinet leave before Aug 2026?,paper,PASS,LOW,2,HEURISTIC,MONTHLY,2,,0.11,0.16,0.05,0.5,0.65,LOSS,1,0,0.0,0.0,60,B,2026-08-02T03:59:00Z,0,0,0,0,0,,,,YES,0,,,0,,,0,,0,0,,,,,,,,,0,,,,
de73e8d1,577b0293,2026-07-17,2026-07-17T11:15:21.404313+00:00,KXAGICO-COMP-26Q3,"Will any company announce that it has achieved Artificial General Intelligence (AGI) before Oct 1, 2026?",paper,PASS,LOW,2,HEURISTIC,QUARTERLY,3,,0.065,0.05,-0.015,0.18,0.25,,0,,,,55,B,2026-10-01T03:59:00Z,0,0,0,0,0,,,,YES,0,,,0,,,0,,0,0,,,,,,,,,0,,,,
052e98f1,577b0293,2026-07-17,2026-07-17T11:15:21.413142+00:00,KXNBARETIRE-RWESTBROOK18-2627,Will Russell Westbrook announce his retirement before the 2026-27 NBA season?,paper,PASS,LOW,2,HEURISTIC,LONG,4,,0.15,0.08,-0.07,0.11,0.3,,0,,,,55,B,2026-11-15T04:59:00Z,0,0,0,0,0,,,,YES,0,,,0,,,0,,0,0,,,,,,,,,0,,,,
c51c3f66,577b0293,2026-07-17,2026-07-17T11:15:21.421378+00:00,KXMLBDEBUT-JMADE-26NOV01,"Will Jesús Made play in a game for any team in the MLB before Nov 1, 2026?",paper,PASS,LOW,2,DRIFT,LONG,4,,0.205,0.25,0.045,0.01,0.35,,0,,,,42,C,2026-11-01T04:59:00Z,0,0,0,0,0,,,,YES,0,,,0,,,0,,0,0,,,,,,,,,0,,,,
0f51c9aa,577b0293,2026-07-17,2026-07-17T11:15:21.428156+00:00,KXARTISTCOLLABTHUGANDGUNNA-30-2027,Will Young Thug and Gunna make a song together?,paper,PASS,LOW,2,DRIFT,LONG,4,,0.195,0.18,-0.015,,,,0,,,,40,C,2027-01-01T15:00:00Z,0,0,0,0,0,,,,,0,,,0,,,0,,0,0,,,,,,,,,0,,,,
1a5e644c,577b0293,2026-07-17,2026-07-17T11:15:21.434960+00:00,KXMLBDEBUT-FARIAS-26NOV01,"Will Franklin Arias play in a game for any team in the MLB before Nov 1, 2026?",paper,PASS,LOW,2,DRIFT,LONG,4,,0.365,0.3,-0.065,-0.17,0.35,,0,,,,32,D,2026-11-01T04:59:00Z,0,0,0,0,0,,,,NO,0,,,0,,,0,,0,0,,,,,,,,,0,,,,
872705d0,577b0293,2026-07-17,2026-07-17T11:15:21.443086+00:00,KXMEDIARELEASEPRISONBREAK-30JAN01-27JAN01,"Will A New Season of Prison Break be released Worldwide before Jan 1, 2030?",paper,PASS,LOW,2,DRIFT,LONG,4,,0.245,0.27,0.025,-0.04,0.25,,0,,,,32,D,2027-01-01T04:59:00Z,0,0,0,0,0,,,,NEUTRAL,0,,,0,,,0,,0,0,,,,,,,,,0,,,,
acea57c6,72cfbc42,2026-07-18,2026-07-18T11:07:27.336877+00:00,KXCABLEAVE-26MAY22-26AUG,Will any member of Trump's Cabinet leave before Aug 2026?,paper,PASS,LOW,2,HEURISTIC,MONTHLY,2,,0.08,0.14,0.06,0.55,0.65,LOSS,1,0,0.0,0.0,55,B,2026-08-02T03:59:00Z,0,0,0,0,0,,,,YES,0,,,0,,,0,,0,0,,,,,,,,,0,,,,
0a6d8799,72cfbc42,2026-07-18,2026-07-18T11:07:27.350764+00:00,KXAGICO-COMP-26Q3,"Will any company announce that it has achieved Artificial General Intelligence (AGI) before Oct 1, 2026?",paper,PASS,LOW,2,HEURISTIC,QUARTERLY,3,,0.065,0.05,-0.015,0.18,0.25,,0,,,,55,B,2026-10-01T03:59:00Z,0,0,0,0,0,,,,YES,0,,,0,,,0,,0,0,,,,,,,,,0,,,,
c497c95a,72cfbc42,2026-07-18,2026-07-18T11:07:27.358544+00:00,KXMLBDEBUT-SWALCOTT-26NOV01,"Will Sebastian Walcott play in a game for any team in the MLB before Nov 1, 2026?",paper,PASS,LOW,2,DRIFT,LONG,4,,0.165,0.08,0.085,0.09,0.35,,0,,,,46,C,2026-11-01T04:59:00Z,0,0,0,0,0,,,,YES,0,,,0,,,0,,0,0,,,,,,,,,0,,,,
5bee69f5,72cfbc42,2026-07-18,2026-07-18T11:07:27.367781+00:00,KXMLBDEBUT-JMADE-26NOV01,"Will Jesús Made play in a game for any team in the MLB before Nov 1, 2026?",paper,PASS,LOW,2,DRIFT,LONG,4,,0.17,0.14,0.03,0.08,0.35,,0,,,,46,C,2026-11-01T04:59:00Z,0,0,0,0,0,,,,YES,0,,,0,,,0,,0,0,,,,,,,,,0,,,,
dfb48b69,72cfbc42,2026-07-18,2026-07-18T11:07:27.375732+00:00,KXARTISTCOLLABTHUGANDGUNNA-30-2027,Will Young Thug and Gunna make a song together?,paper,PASS,LOW,2,DRIFT,LONG,4,,0.19,0.17,0.02,,,,0,,,,40,C,2027-01-01T15:00:00Z,0,0,0,0,0,,,,,0,,,0,,,0,,0,0,,,,,,,,,0,,,,
98862252,72cfbc42,2026-07-18,2026-07-18T11:07:27.383245+00:00,KXMLBDEBUT-FARIAS-26NOV01,"Will Franklin Arias play in a game for any team in the MLB before Nov 1, 2026?",paper,PASS,LOW,2,DRIFT,LONG,4,,0.365,0.33,0.035,-0.18,0.35,,0,,,,32,D,2026-11-01T04:59:00Z,0,0,0,0,0,,,,NO,0,,,0,,,0,,0,0,,,,,,,,,0,,,,
a19ecfec,2bcc9784,2026-07-19,2026-07-19T11:15:45.645130+00:00,KXCABLEAVE-26MAY22-26AUG,Will any member of Trump's Cabinet leave before Aug 2026?,paper,PASS,LOW,2,HEURISTIC,MONTHLY,2,,0.095,0.13,0.035,0.52,0.65,LOSS,1,0,0.0,0.0,60,B,2026-08-02T03:59:00Z,0,0,0,0,0,,,,YES,0,,,0,,,0,,0,0,,,,,,,,,0,,,,
dbf839e8,2bcc9784,2026-07-19,2026-07-19T11:15:45.653516+00:00,KXAGICO-COMP-26Q3,"Will any company announce that it has achieved Artificial General Intelligence (AGI) before Oct 1, 2026?",paper,PASS,LOW,2,HEURISTIC,QUARTERLY,3,,0.065,0.08,0.015,0.18,0.25,,0,,,,55,B,2026-10-01T03:59:00Z,0,0,0,0,0,,,,YES,0,,,0,,,0,,0,0,,,,,,,,,0,,,,
45eea089,2bcc9784,2026-07-19,2026-07-19T11:15:45.659997+00:00,KXNBARETIRE-DGREEN23-2627,Will Draymond Green announce his retirement before the 2026-27 NBA season?,paper,PASS,LOW,2,HEURISTIC,LONG,4,,0.05,0.04,0.01,0.22,0.3,,0,,,,55,B,2026-11-15T04:59:00Z,0,0,0,0,0,,,,YES,0,,,0,,,0,,0,0,,,,,,,,,0,,,,
3e0b7dce,2bcc9784,2026-07-19,2026-07-19T11:15:45.669045+00:00,KXIPOAIRTABLE-27JAN01,When will Airtable officially announce an IPO?,paper,PASS,LOW,2,DRIFT,LONG,4,,0.055,0.1,0.045,0.15,0.25,,0,,,,50,C,2027-01-01T04:59:00Z,0,0,0,0,0,,,,YES,0,,,0,,,0,,0,0,,,,,,,,,0,,,,
cc55b2e5,2bcc9784,2026-07-19,2026-07-19T11:15:45.675920+00:00,KXMLBDEBUT-SWALCOTT-26NOV01,"Will Sebastian Walcott play in a game for any team in the MLB before Nov 1, 2026?",paper,PASS,LOW,2,DRIFT,LONG,4,,0.165,0.08,0.085,0.09,0.35,,0,,,,46,C,2026-11-01T04:59:00Z,0,0,0,0,0,,,,YES,0,,,0,,,0,,0,0,,,,,,,,,0,,,,
92eba621,2bcc9784,2026-07-19,2026-07-19T11:15:45.682394+00:00,KXARTISTCOLLABTHUGANDGUNNA-30-2027,Will Young Thug and Gunna make a song together?,paper,PASS,LOW,2,DRIFT,LONG,4,,0.195,0.22,0.025,,,,0,,,,40,C,2027-01-01T15:00:00Z,0,0,0,0,0,,,,,0,,,0,,,0,,0,0,,,,,,,,,0,,,,
ec45bf43,a06fed3c,2026-07-22,2026-07-22T22:11:40.434382+00:00,KXTVSEASONANNOUNCEEUP-JAN-27,"Will a new season of Euphoria be announced before Jan 1, 2027?",paper,PASS,LOW,2,HEURISTIC,LONG,4,,0.065,0.07,0.005,0.16,0.25,,0,,,,60,B,2027-01-01T15:00:00Z,0,0,0,0,0,,,,YES,0,,,0,,,0,,0,0,,,,,,,,,0,,,,
7c031c4b,a06fed3c,2026-07-22,2026-07-22T22:11:40.442977+00:00,KXVETOOVERRIDE-29JAN20-27,Will Congress override Trump's veto before 2027?,paper,PASS,LOW,2,HEURISTIC,LONG,4,,0.115,0.1,-0.015,0.07,0.2,,0,,,,56,B,2027-01-01T15:00:00Z,0,0,0,0,0,,,,YES,0,,,0,,,0,,0,0,,,,,,,,,0,,,,
e2182dad,a06fed3c,2026-07-22,2026-07-22T22:11:40.451231+00:00,KXIPOAIRTABLE-27JAN01,When will Airtable officially announce an IPO?,paper,PASS,LOW,2,DRIFT,LONG,4,,0.055,0.12,0.065,0.15,0.25,,0,,,,50,C,2027-01-01T04:59:00Z,0,0,0,0,0,,,,YES,0,,,0,,,0,,0,0,,,,,,,,,0,,,,
f3e03534,a06fed3c,2026-07-22,2026-07-22T22:11:40.459519+00:00,KXRECOGSOMALI-29-27,Will Trump recognize Somaliland?,paper,PASS,LOW,2,HEURISTIC,LONG,4,,0.098,0.08,-0.018,0.18,0.3,,0,,,,55,B,2027-01-01T15:00:00Z,0,0,0,0,0,,,,YES,0,,,0,,,0,,0,0,,,,,,,,,0,,,,
138e5b42,a06fed3c,2026-07-22,2026-07-22T22:11:40.469619+00:00,KXIMPEACHCABINET-27JAN01,"Will any member of the Cabinet (defined as: the Vice President, Secretary of State, Secretary of the Treasury, Secretary of Defense, Attorney General, Secretary of the Interior, Secretary of Agriculture, Secretary of Commerce, Secretary of Labor, Secretary of Health and Human Services, Secretary of Housing and Urban Development, Secretary of Transportation, Secretary of Energy, Secretary of Education, Secretary of Veterans Affairs, Secretary of Homeland Security, Administrator of the Environmental Protection Agency, Director of the Office of Management and Budget, Director of National Intelligence, Trade Representative, Administrator of the Small Business Administration, White House Chief of Staff) be impeached before Jan 1, 2027?",paper,PASS,LOW,2,HEURISTIC,LONG,4,,0.059,0.08,0.021,0.065,0.15,,0,,,,46,C,2027-01-01T15:00:00Z,0,0,0,0,0,,,,YES,0,,,0,,,0,,0,0,,,,,,,,,0,,,,
0910b563,a06fed3c,2026-07-22,2026-07-22T22:11:40.478560+00:00,KXMLBDEBUT-SWALCOTT-26NOV01,"Will Sebastian Walcott play in a game for any team in the MLB before Nov 1, 2026?",paper,PASS,LOW,2,DRIFT,LONG,4,,0.165,0.11,-0.055,0.09,0.35,,0,,,,46,C,2026-11-01T04:59:00Z,0,0,0,0,0,,,,YES,0,,,0,,,0,,0,0,,,,,,,,,0,,,,
3b1e731d,a06fed3c,2026-07-22,2026-07-22T22:11:40.487079+00:00,KXFDAAPPROVE-MDMA-27JAN01,"Will the FDA approve midomafetamine / MDMA for PTSD before Jan 1, 2027?",paper,PASS,LOW,2,HEURISTIC,LONG,4,,0.145,0.06,-0.085,0.22,0.4,,0,,,,50,C,2027-01-01T04:59:00Z,0,0,0,0,0,,,,YES,0,,,0,,,0,,0,0,,,,,,,,,0,,,,
ef072d02,a06fed3c,2026-07-22,2026-07-22T22:11:40.498179+00:00,KXMLBDEBUT-JMADE-26NOV01,"Will Jesús Made play in a game for any team in the MLB before Nov 1, 2026?",paper,PASS,LOW,2,DRIFT,LONG,4,,0.165,0.12,-0.045,0.09,0.35,,0,,,,46,C,2026-11-01T04:59:00Z,0,0,0,0,0,,,,YES,0,,,0,,,0,,0,0,,,,,,,,,0,,,,
5061b731,a06fed3c,2026-07-22,2026-07-22T22:11:40.516408+00:00,KXMEDIARELEASEPRISONBREAK-30JAN01-27JAN01,"Will A New Season of Prison Break be released Worldwide before Jan 1, 2030?",paper,PASS,LOW,2,DRIFT,LONG,4,,0.23,0.26,0.03,-0.02,0.25,,0,,,,32,D,2027-01-01T04:59:00Z,0,0,0,0,0,,,,YES,0,,,0,,,0,,0,0,,,,,,,,,0,,,,
ababe612,0a1a0934,2026-07-23,2026-07-23T14:44:42.066657+00:00,KXMANAGEROUTDATE-28TUCHEL-26AUG01,"Will Thomas Tuchel be out before Aug 1, 2026?",paper,PASS,LOW,2,RESOLVE_FIRST,MONTHLY,2,,0.135,,,,,LOSS,1,0,0.0,0.0,,Unscored,2026-08-01T03:59:00Z,0,0,1,0,0,,,,,0,,,0,,,0,,0,0,,,,,,,,,0,,,,
de1055fc,5b687380,2026-07-23,2026-07-23T14:58:55.658383+00:00,KXRECOGROC-29-27,Will Trump recognize the Republic of China?,paper,PASS,LOW,2,HEURISTIC,LONG,4,,0.05,0.04,0.01,0.24,0.3,,0,,,,55,B,2027-01-01T15:00:00Z,0,0,0,0,0,,,,YES,0,,,0,,,0,,0,0,,,,,,,,,0,,,,
f11bacaa,5b687380,2026-07-23,2026-07-23T14:58:55.669368+00:00,KXTVSEASONANNOUNCEEUP-JAN-27,"Will a new season of Euphoria be announced before Jan 1, 2027?",paper,PASS,MED,1,HEURISTIC,LONG,4,,0.065,0.03,0.035,0.16,0.25,,0,,,,70,A,2027-01-01T15:00:00Z,0,0,0,0,0,,,,YES,0,,,0,,,0,,0,0,,,,,,,,,0,,,,
4d70d19b,5b687380,2026-07-23,2026-07-23T14:58:55.679811+00:00,KXIPOAIRTABLE-27JAN01,When will Airtable officially announce an IPO?,paper,PASS,LOW,2,DRIFT,LONG,4,,0.055,0.14,0.085,0.15,0.25,,0,,,,50,C,2027-01-01T04:59:00Z,0,0,0,0,0,,,,YES,0,,,0,,,0,,0,0,,,,,,,,,0,,,,
aa953a0d,5b687380,2026-07-23,2026-07-23T14:58:55.691137+00:00,KXRECOGSOMALI-29-27,Will Trump recognize Somaliland?,paper,PASS,MED,1,HEURISTIC,LONG,4,,0.098,0.045,0.053,0.18,0.3,,0,,,,65,B,2027-01-01T15:00:00Z,0,0,0,0,0,,,,YES,0,,,0,,,0,,0,0,,,,,,,,,0,,,,
c0b0a5d3,5b687380,2026-07-23,2026-07-23T14:58:55.705478+00:00,KXALBUMRELEASEDATEBEY-NEW-JAN01-27,"Will Beyonce release new album before Jan 1, 2027?",paper,PASS,LOW,2,DRIFT,LONG,4,,0.585,0.53,0.055,,,,0,,,,45,C,2027-01-01T15:00:00Z,0,0,0,0,0,,,,,0,,,0,,,0,,0,0,,,,,,,,,0,,,,
ebf86d86,5b687380,2026-07-23,2026-07-23T14:58:55.715434+00:00,KXMLBDEBUT-KANDERSON-26NOV01,"Will Kade Anderson play in a game for any team in the MLB before Nov 1, 2026?",paper,PASS,LOW,2,HEURISTIC,LONG,4,,0.735,0.62,0.115,0.31,0.35,,0,,,,55,B,2026-11-01T04:59:00Z,0,0,0,0,0,,,,NO,0,,,0,,,0,,0,0,,,,,,,,,0,,,,
a69cd208,5b687380,2026-07-23,2026-07-23T14:58:55.727053+00:00,KXIMPEACHCABINET-27JAN01,"Will any member of the Cabinet (defined as: the Vice President, Secretary of State, Secretary of the Treasury, Secretary of Defense, Attorney General, Secretary of the Interior, Secretary of Agriculture, Secretary of Commerce, Secretary of Labor, Secretary of Health and Human Services, Secretary of Housing and Urban Development, Secretary of Transportation, Secretary of Energy, Secretary of Education, Secretary of Veterans Affairs, Secretary of Homeland Security, Administrator of the Environmental Protection Agency, Director of the Office of Management and Budget, Director of National Intelligence, Trade Representative, Administrator of the Small Business Administration, White House Chief of Staff) be impeached before Jan 1, 2027?",paper,PASS,LOW,2,DRIFT,LONG,4,,0.053,0.09,0.037,0.075,0.15,,0,,,,46,C,2027-01-01T15:00:00Z,0,0,0,0,0,,,,YES,0,,,0,,,0,,0,0,,,,,,,,,0,,,,
3571d8df,5b687380,2026-07-23,2026-07-23T14:58:55.735139+00:00,KXFDAAPPROVE-MDMA-27JAN01,"Will the FDA approve midomafetamine / MDMA for PTSD before Jan 1, 2027?",paper,PASS,LOW,2,HEURISTIC,LONG,4,,0.14,0.05,0.09,0.22,0.4,,0,,,,50,C,2027-01-01T04:59:00Z,0,0,0,0,0,,,,YES,0,,,0,,,0,,0,0,,,,,,,,,0,,,,
86c5c04b,5b687380,2026-07-23,2026-07-23T14:58:55.743252+00:00,KXMLBDEBUT-JMADE-26NOV01,"Will Jesús Made play in a game for any team in the MLB before Nov 1, 2026?",paper,PASS,LOW,2,DRIFT,LONG,4,,0.16,0.2,0.04,0.09,0.35,,0,,,,46,C,2026-11-01T04:59:00Z,0,0,0,0,0,,,,YES,0,,,0,,,0,,0,0,,,,,,,,,0,,,,
b7103878,5b687380,2026-07-23,2026-07-23T14:58:55.751184+00:00,KXMLBDEBUT-FARIAS-26NOV01,"Will Franklin Arias play in a game for any team in the MLB before Nov 1, 2026?",paper,PASS,LOW,2,DRIFT,LONG,4,,0.365,0.2,0.165,-0.18,0.35,,0,,,,32,D,2026-11-01T04:59:00Z,0,0,0,0,0,,,,NO,0,,,0,,,0,,0,0,,,,,,,,,0,,,,
5b4346da,daf5752f,2026-07-25,2026-07-25T17:16:39.062465+00:00,KXNFLRETIRE-LJOHNSON65-2627,Will Lane Johnson announce his retirement before the 2026-27 NFL season?,paper,PASS,LOW,2,DRIFT,QUARTERLY,3,,0.115,0.07,-0.045,0.14,0.3,,0,,,,50,C,2026-09-30T03:59:00Z,0,0,0,0,0,,,,YES,0,,,0,,,0,,0,0,,,,,,,,,0,,,,
a678040f,daf5752f,2026-07-25,2026-07-25T17:16:39.111187+00:00,KXTVSEASONANNOUNCEEUP-JAN-27,"Will a new season of Euphoria be announced before Jan 1, 2027?",paper,PASS,LOW,2,HEURISTIC,LONG,4,,0.065,0.04,-0.025,0.16,0.25,,0,,,,60,B,2027-01-01T15:00:00Z,0,0,0,0,0,,,,YES,0,,,0,,,0,,0,0,,,,,,,,,0,,,,
c9b8bf49,daf5752f,2026-07-25,2026-07-25T17:16:39.129165+00:00,KXRECOGSOMALI-29-27,Will Trump recognize Somaliland?,paper,PASS,LOW,2,HEURISTIC,LONG,4,,0.098,0.06,-0.038,0.18,0.3,,0,,,,55,B,2027-01-01T15:00:00Z,0,0,0,0,0,,,,YES,0,,,0,,,0,,0,0,,,,,,,,,0,,,,
4644c1cf,daf5752f,2026-07-25,2026-07-25T17:16:39.148571+00:00,KXALBUMRELEASEDATEBEY-NEW-JAN01-27,"Will Beyonce release new album before Jan 1, 2027?",paper,PASS,LOW,2,DRIFT,LONG,4,,0.585,0.53,-0.055,,,,0,,,,45,C,2027-01-01T15:00:00Z,0,0,0,0,0,,,,,0,,,0,,,0,,0,0,,,,,,,,,0,,,,
8884c559,daf5752f,2026-07-25,2026-07-25T17:16:39.170988+00:00,KXTVSEASONRELEASETHELASTOFUS-27-JAN,"When will ""The Last of Us"" Season 3 be released?",paper,PASS,LOW,2,DRIFT,LONG,4,,0.09,0.03,-0.06,0.13,0.25,,0,,,,50,C,2027-01-01T15:00:00Z,0,0,0,0,0,,,,YES,0,,,0,,,0,,0,0,,,,,,,,,0,,,,
c666e997,daf5752f,2026-07-25,2026-07-25T17:16:39.191612+00:00,KXIPOAIRTABLE-27JAN01,When will Airtable officially announce an IPO?,paper,PASS,LOW,2,DRIFT,LONG,4,,0.055,0.12,0.065,0.15,0.25,,0,,,,50,C,2027-01-01T04:59:00Z,0,0,0,0,0,,,,YES,0,,,0,,,0,,0,0,,,,,,,,,0,,,,
4fa4ef04,daf5752f,2026-07-25,2026-07-25T17:16:39.216553+00:00,KXMLBDEBUT-KANDERSON-26NOV01,"Will Kade Anderson play in a game for any team in the MLB before Nov 1, 2026?",paper,PASS,LOW,2,HEURISTIC,LONG,4,,0.77,0.68,-0.09,0.36,0.35,,0,,,,55,B,2026-11-01T04:59:00Z,0,0,0,0,0,,,,NO,0,,,0,,,0,,0,0,,,,,,,,,0,,,,
651cf7d2,daf5752f,2026-07-25,2026-07-25T17:16:39.232680+00:00,KXFDAAPPROVE-MDMA-27JAN01,"Will the FDA approve midomafetamine / MDMA for PTSD before Jan 1, 2027?",paper,PASS,LOW,2,HEURISTIC,LONG,4,,0.145,0.09,-0.055,0.22,0.4,,0,,,,50,C,2027-01-01T04:59:00Z,0,0,0,0,0,,,,YES,0,,,0,,,0,,0,0,,,,,,,,,0,,,,
35699f86,daf5752f,2026-07-25,2026-07-25T17:16:39.261798+00:00,KXMLBDEBUT-ZHOPE-26NOV01,"Will Zyhir Hope play in a game for any team in the MLB before Nov 1, 2026?",paper,PASS,LOW,2,DRIFT,LONG,4,,0.155,0.08,-0.075,0.12,0.35,,0,,,,50,C,2026-11-01T04:59:00Z,0,0,0,0,0,,,,YES,0,,,0,,,0,,0,0,,,,,,,,,0,,,,
0023209f,daf5752f,2026-07-25,2026-07-25T17:16:39.295990+00:00,KXCABLEAVE-26MAY22-26SEP,Will any member of Trump's Cabinet leave before Sep 2026?,paper,YES,MED,1,HEURISTIC,QUARTERLY,3,,0.235,0.4,0.165,0.39,0.65,,0,,,,65,B,2026-09-02T03:59:00Z,1,0,0,0,0,,,,YES,0,0.377,1.52,0,,,0,,0,0,,,,,,,,,0,,,,
86e6b474,59907a2f,2026-07-26,2026-07-26T16:18:26.963682+00:00,KXNFLRETIRE-LJOHNSON65-2627,Will Lane Johnson announce his retirement before the 2026-27 NFL season?,paper,PASS,LOW,2,DRIFT,QUARTERLY,3,,0.115,0.06,-0.055,0.14,0.3,,0,,,,50,C,2026-09-30T03:59:00Z,0,0,0,0,0,,,,YES,0,,,0,,,0,,0,0,,,,,,,,,0,,,,
be438c87,59907a2f,2026-07-26,2026-07-26T16:18:27.003398+00:00,KXTVSEASONANNOUNCEEUP-JAN-27,"Will a new season of Euphoria be announced before Jan 1, 2027?",paper,PASS,LOW,2,HEURISTIC,LONG,4,,0.065,0.04,-0.025,0.16,0.25,,0,,,,60,B,2027-01-01T15:00:00Z,0,0,0,0,0,,,,YES,0,,,0,,,0,,0,0,,,,,,,,,0,,,,
e596e5b9,59907a2f,2026-07-26,2026-07-26T16:18:27.019767+00:00,KXRECOGSOMALI-29-27,Will Trump recognize Somaliland?,paper,PASS,LOW,2,HEURISTIC,LONG,4,,0.1,0.14,0.04,0.18,0.3,,0,,,,55,B,2027-01-01T15:00:00Z,0,0,0,0,0,,,,YES,0,,,0,,,0,,0,0,,,,,,,,,0,,,,
d65253f2,59907a2f,2026-07-26,2026-07-26T16:18:27.036214+00:00,KXIMPEACHCABINET-27JAN01,"Will any member of the Cabinet (defined as: the Vice President, Secretary of State, Secretary of the Treasury, Secretary of Defense, Attorney General, Secretary of the Interior, Secretary of Agriculture, Secretary of Commerce, Secretary of Labor, Secretary of Health and Human Services, Secretary of Housing and Urban Development, Secretary of Transportation, Secretary of Energy, Secretary of Education, Secretary of Veterans Affairs, Secretary of Homeland Security, Administrator of the Environmental Protection Agency, Director of the Office of Management and Budget, Director of National Intelligence, Trade Representative, Administrator of the Small Business Administration, White House Chief of Staff) be impeached before Jan 1, 2027?",paper,PASS,LOW,2,HEURISTIC,LONG,4,,0.051,0.04,-0.011,0.079,0.15,,0,,,,46,C,2027-01-01T15:00:00Z,0,0,0,0,0,,,,YES,0,,,0,,,0,,0,0,,,,,,,,,0,,,,
5863ef3d,59907a2f,2026-07-26,2026-07-26T16:18:27.054203+00:00,KXALBUMRELEASEDATEBEY-NEW-JAN01-27,"Will Beyonce release new album before Jan 1, 2027?",paper,PASS,LOW,2,DRIFT,LONG,4,,0.58,0.55,-0.03,,,,0,,,,45,C,2027-01-01T15:00:00Z,0,0,0,0,0,,,,,0,,,0,,,0,,0,0,,,,,,,,,0,,,,
4fb9f973,59907a2f,2026-07-26,2026-07-26T16:18:27.077834+00:00,KXTVSEASONRELEASETHELASTOFUS-27-JAN,"When will ""The Last of Us"" Season 3 be released?",paper,PASS,LOW,2,DRIFT,LONG,4,,0.09,0.07,-0.02,0.13,0.25,,0,,,,50,C,2027-01-01T15:00:00Z,0,0,0,0,0,,,,YES,0,,,0,,,0,,0,0,,,,,,,,,0,,,,
3bed762c,59907a2f,2026-07-26,2026-07-26T16:18:27.096202+00:00,KXARTISTCOLLABTHUGANDGUNNA-30-2027,Will Young Thug and Gunna make a song together?,paper,PASS,LOW,2,DRIFT,LONG,4,,0.195,0.11,-0.085,,,,0,,,,40,C,2027-01-01T15:00:00Z,0,0,0,0,0,,,,,0,,,0,,,0,,0,0,,,,,,,,,0,,,,
768e2a17,59907a2f,2026-07-26,2026-07-26T16:18:27.113275+00:00,KXIPOAIRTABLE-27JAN01,When will Airtable officially announce an IPO?,paper,PASS,LOW,2,DRIFT,LONG,4,,0.055,0.1,0.045,0.15,0.25,,0,,,,50,C,2027-01-01T04:59:00Z,0,0,0,0,0,,,,YES,0,,,0,,,0,,0,0,,,,,,,,,0,,,,
8dc90860,59907a2f,2026-07-26,2026-07-26T16:18:27.130077+00:00,KXMLBDEBUT-ZHOPE-26NOV01,"Will Zyhir Hope play in a game for any team in the MLB before Nov 1, 2026?",paper,PASS,LOW,2,DRIFT,LONG,4,,0.155,0.12,-0.035,0.12,0.35,,0,,,,50,C,2026-11-01T04:59:00Z,0,0,0,0,0,,,,YES,0,,,0,,,0,,0,0,,,,,,,,,0,,,,
bb3f738c,30a29e1f,2026-07-26,2026-07-26T16:23:37.859562+00:00,KXNFLRETIRE-LJOHNSON65-2627,Will Lane Johnson announce his retirement before the 2026-27 NFL season?,paper,PASS,LOW,2,DRIFT,QUARTERLY,3,,0.115,0.06,-0.055,0.14,0.3,,0,,,,50,C,2026-09-30T03:59:00Z,0,0,0,0,0,,,,YES,0,,,0,,,0,,0,0,,,,,,,,,0,,,,
80aafd53,30a29e1f,2026-07-26,2026-07-26T16:23:37.945353+00:00,KXTVSEASONANNOUNCEEUP-JAN-27,"Will a new season of Euphoria be announced before Jan 1, 2027?",paper,PASS,LOW,2,HEURISTIC,LONG,4,,0.065,0.04,-0.025,0.16,0.25,,0,,,,60,B,2027-01-01T15:00:00Z,0,0,0,0,0,,,,YES,0,,,0,,,0,,0,0,,,,,,,,,0,,,,
e5ea9cc2,30a29e1f,2026-07-26,2026-07-26T16:23:37.958567+00:00,KXRECOGSOMALI-29-27,Will Trump recognize Somaliland?,paper,PASS,LOW,2,HEURISTIC,LONG,4,,0.1,0.08,-0.02,0.18,0.3,,0,,,,55,B,2027-01-01T15:00:00Z,0,0,0,0,0,,,,YES,0,,,0,,,0,,0,0,,,,,,,,,0,,,,
4a32de71,30a29e1f,2026-07-26,2026-07-26T16:23:37.971453+00:00,KXIMPEACHCABINET-27JAN01,"Will any member of the Cabinet (defined as: the Vice President, Secretary of State, Secretary of the Treasury, Secretary of Defense, Attorney General, Secretary of the Interior, Secretary of Agriculture, Secretary of Commerce, Secretary of Labor, Secretary of Health and Human Services, Secretary of Housing and Urban Development, Secretary of Transportation, Secretary of Energy, Secretary of Education, Secretary of Veterans Affairs, Secretary of Homeland Security, Administrator of the Environmental Protection Agency, Director of the Office of Management and Budget, Director of National Intelligence, Trade Representative, Administrator of the Small Business Administration, White House Chief of Staff) be impeached before Jan 1, 2027?",paper,PASS,LOW,2,HEURISTIC,LONG,4,,0.051,0.03,-0.021,0.079,0.15,,0,,,,46,C,2027-01-01T15:00:00Z,0,0,0,0,0,,,,YES,0,,,0,,,0,,0,0,,,,,,,,,0,,,,
a08edab1,30a29e1f,2026-07-26,2026-07-26T16:23:37.979730+00:00,KXALBUMRELEASEDATEBEY-NEW-JAN01-27,"Will Beyonce release new album before Jan 1, 2027?",paper,PASS,LOW,2,DRIFT,LONG,4,,0.58,0.52,-0.06,,,,0,,,,45,C,2027-01-01T15:00:00Z,0,0,0,0,0,,,,,0,,,0,,,0,,0,0,,,,,,,,,0,,,,
6b30ca71,30a29e1f,2026-07-26,2026-07-26T16:23:37.994530+00:00,KXFDAAPPROVE-MDMA-27JAN01,"Will the FDA approve midomafetamine / MDMA for PTSD before Jan 1, 2027?",paper,PASS,MED,1,DRIFT,LONG,4,,0.135,0.03,-0.105,0.24,0.4,,0,,,,60,B,2027-01-01T04:59:00Z,0,0,0,0,0,,,,YES,0,,,0,,,0,,0,0,,,,,,,,,0,,,,
e869dddc,30a29e1f,2026-07-26,2026-07-26T16:23:38.006737+00:00,KXTVSEASONRELEASETHELASTOFUS-27-JAN,"When will ""The Last of Us"" Season 3 be released?",paper,PASS,LOW,2,DRIFT,LONG,4,,0.09,0.06,-0.03,0.13,0.25,,0,,,,50,C,2027-01-01T15:00:00Z,0,0,0,0,0,,,,YES,0,,,0,,,0,,0,0,,,,,,,,,0,,,,
f144ec22,30a29e1f,2026-07-26,2026-07-26T16:23:38.020624+00:00,KXARTISTCOLLABTHUGANDGUNNA-30-2027,Will Young Thug and Gunna make a song together?,paper,PASS,LOW,2,DRIFT,LONG,4,,0.195,0.12,-0.075,,,,0,,,,40,C,2027-01-01T15:00:00Z,0,0,0,0,0,,,,,0,,,0,,,0,,0,0,,,,,,,,,0,,,,
5ef8a1d2,30a29e1f,2026-07-26,2026-07-26T16:23:38.036795+00:00,KXIPOAIRTABLE-27JAN01,When will Airtable officially announce an IPO?,paper,PASS,LOW,2,DRIFT,LONG,4,,0.055,0.13,0.075,0.15,0.25,,0,,,,50,C,2027-01-01T04:59:00Z,0,0,0,0,0,,,,YES,0,,,0,,,0,,0,0,,,,,,,,,0,,,,
c19137b2,30a29e1f,2026-07-26,2026-07-26T16:23:38.048036+00:00,KXMLBDEBUT-ZHOPE-26NOV01,"Will Zyhir Hope play in a game for any team in the MLB before Nov 1, 2026?",paper,PASS,LOW,2,DRIFT,LONG,4,,0.155,0.1,-0.055,0.12,0.35,,0,,,,50,C,2026-11-01T04:59:00Z,0,0,0,0,0,,,,YES,0,,,0,,,0,,0,0,,,,,,,,,0,,,,
1e984bee,2ff99772,2026-07-27,2026-07-27T14:49:47.229997+00:00,KXCABLEAVE-26MAY22-26AUG,Will any member of Trump's Cabinet leave before Aug 2026?,paper,YES,MED,1,HEURISTIC,WEEKLY,1,,0.05,0.65,0.6,0.58,0.65,LOSS,1,0,-0.05,-0.5,,Unscored,2026-08-02T03:59:00Z,1,0,0,0,0,,,cabinet departure,YES,1,,,0,,,0,,0,0,,,,,,,,,0,,0.4225,0.0025,-2.0
5f57e36e,f5935b77,2026-07-27,2026-07-27T15:14:53.932629+00:00,KXCABLEAVE-26MAY22-26SEP,Will any member of Trump's Cabinet leave before Sep 2026?,paper,PASS,LOW,2,DRIFT,QUARTERLY,3,,0.215,0.25,0.035,0.41,0.65,,0,,,,50,C,2026-09-02T03:59:00Z,0,0,0,0,1,YES,250.0,,YES,0,,,0,,,0,,0,0,,,,,,,,,0,,,,
66921ea7,f5935b77,2026-07-27,2026-07-27T15:14:53.956213+00:00,KXNFLRETIRE-LJOHNSON65-2627,Will Lane Johnson announce his retirement before the 2026-27 NFL season?,paper,PASS,MED,1,DRIFT,QUARTERLY,3,,0.115,0.07,0.045,0.14,0.3,,0,,,,60,B,2026-09-30T03:59:00Z,0,0,0,0,1,YES,167.0,,YES,0,,,0,,,0,,0,0,,,,,,,,,0,,,,
3b7b4f72,f5935b77,2026-07-27,2026-07-27T15:14:54.035444+00:00,KXVETOOVERRIDE-29JAN20-27,Will Congress override Trump's veto before 2027?,paper,PASS,LOW,2,HEURISTIC,LONG,4,,0.105,0.12,0.015,0.09,0.2,,0,,,,56,B,2027-01-01T15:00:00Z,0,0,0,0,1,NO,250.0,,YES,0,,,0,,,0,,0,0,,,,,,,,,0,,,,
29c32e58,f5935b77,2026-07-27,2026-07-27T15:14:54.069304+00:00,KXIMPEACHCABINET-27JAN01,"Will any member of the Cabinet (defined as: the Vice President, Secretary of State, Secretary of the Treasury, Secretary of Defense, Attorney General, Secretary of the Interior, Secretary of Agriculture, Secretary of Commerce, Secretary of Labor, Secretary of Health and Human Services, Secretary of Housing and Urban Development, Secretary of Transportation, Secretary of Energy, Secretary of Education, Secretary of Veterans Affairs, Secretary of Homeland Security, Administrator of the Environmental Protection Agency, Director of the Office of Management and Budget, Director of National Intelligence, Trade Representative, Administrator of the Small Business Administration, White House Chief of Staff) be impeached before Jan 1, 2027?",paper,PASS,LOW,2,HEURISTIC,LONG,4,,0.051,0.07,0.019,0.079,0.15,,0,,,,46,C,2027-01-01T15:00:00Z,0,0,0,0,1,NO,876.0,,YES,0,,,0,,,0,,0,0,,,,,,,,,0,,,,
ebc0d3a7,f5935b77,2026-07-27,2026-07-27T15:14:54.079504+00:00,KXFDAAPPROVE-MDMA-27JAN01,"Will the FDA approve midomafetamine / MDMA for PTSD before Jan 1, 2027?",paper,PASS,MED,1,DRIFT,LONG,4,,0.135,0.03,0.105,0.24,0.4,,0,,,,60,B,2027-01-01T04:59:00Z,0,0,0,0,1,NO,193.62,,YES,0,,,0,,,0,,0,0,,,,,,,,,0,,,,
759baafd,f5935b77,2026-07-27,2026-07-27T15:14:54.092188+00:00,KXTVSEASONRELEASETHELASTOFUS-27-JAN,"When will ""The Last of Us"" Season 3 be released?",paper,PASS,MED,1,DRIFT,LONG,4,,0.08,0.04,0.04,0.15,0.25,,0,,,,60,B,2027-01-01T15:00:00Z,0,0,0,0,1,NO,183.0,,YES,0,,,0,,,0,,0,0,,,,,,,,,0,,,,
ef06c596,f5935b77,2026-07-27,2026-07-27T15:14:54.104144+00:00,KXMLBDEBUT-KANDERSON-26NOV01,"Will Kade Anderson play in a game for any team in the MLB before Nov 1, 2026?",paper,PASS,LOW,2,DRIFT,LONG,4,,0.62,0.52,0.1,0.26,0.35,,0,,,,50,C,2026-11-01T04:59:00Z,0,0,0,0,1,YES,100.0,,NO,0,,,0,,,0,,0,0,,,,,,,,,0,,,,
e2a39eeb,f5935b77,2026-07-27,2026-07-27T15:14:54.117836+00:00,KXALBUMRELEASEDATEBEY-NEW-JAN01-27,"Will Beyonce release new album before Jan 1, 2027?",paper,PASS,LOW,2,DRIFT,LONG,4,,0.58,0.52,0.06,,,,0,,,,45,C,2027-01-01T15:00:00Z,0,0,0,0,1,NO,500.0,,,0,,,0,,,0,,0,0,,,,,,,,,0,,,,
4393935d,f5935b77,2026-07-27,2026-07-27T15:14:54.146380+00:00,KXCHINAEUV-30-27JAN01,"Will China obtains or develops a functional extreme ultraviolet (EUV) lithography machine that capable of patterning semiconductor wafers in a fabrication facility be confirmed before Jan 1, 2027?",paper,PASS,LOW,2,DRIFT,LONG,4,,0.155,0.15,0.005,,,,0,,,,40,C,2027-01-01T04:59:00Z,0,0,0,0,1,NO,150.0,,,0,,,0,,,0,,0,0,,,,,,,,,0,,,,
57ccb7d0,f5935b77,2026-07-27,2026-07-27T15:14:54.154779+00:00,KXNBARETIRE-RWESTBROOK18-2627,Will Russell Westbrook announce his retirement before the 2026-27 NBA season?,paper,PASS,LOW,2,DRIFT,LONG,4,,0.165,0.09,0.075,0.11,0.3,,0,,,,50,C,2026-11-15T04:59:00Z,0,0,0,0,0,,,,YES,0,,,0,,,0,,0,0,,,,,,,,,0,,,,
3884ffa4,74a25cfc,2026-07-28,2026-07-28T23:24:05.798760+00:00,KXNFLRETIRE-LJOHNSON65-2627,Will Lane Johnson announce his retirement before the 2026-27 NFL season?,paper,PASS,LOW,2,DRIFT,QUARTERLY,3,Sports,0.115,0.08,-0.035,0.14,0.3,,0,,,,50,C,2026-09-30T03:59:00Z,0,0,0,0,1,YES,167.0,,YES,0,,,1,0.144,NO,1,0.7826,0,0,,,,,,,0.3114,YES,0,,,,
a6b0127b,74a25cfc,2026-07-28,2026-07-28T23:24:05.816923+00:00,KXVETOOVERRIDE-29JAN20-27,Will Congress override Trump's veto before 2027?,paper,PASS,LOW,2,HEURISTIC,LONG,4,Politics,0.115,0.08,-0.035,0.07,0.2,,0,,,,56,B,2027-01-01T15:00:00Z,0,0,0,0,1,NO,250.0,,YES,0,,,1,0.109,NO,1,0.2707,0,0,,,,,0.884,0.7695,-0.0545,NO,0,,,,
bedde936,74a25cfc,2026-07-28,2026-07-28T23:24:05.828242+00:00,KXTVSEASONRELEASETHELASTOFUS-27-JAN,"When will ""The Last of Us"" Season 3 be released?",paper,PASS,LOW,2,DRIFT,LONG,4,Entertainment,0.095,0.06,-0.035,0.13,0.25,,0,,,,50,C,2027-01-01T15:00:00Z,0,0,0,0,1,NO,183.0,,YES,0,,,1,0.039,NO,1,0.5263,0,0,,,,,,,0.1483,YES,0,,,,
553f48c4,74a25cfc,2026-07-28,2026-07-28T23:24:05.837163+00:00,KXMLBDEBUT-KANDERSON-26NOV01,"Will Kade Anderson play in a game for any team in the MLB before Nov 1, 2026?",paper,PASS,LOW,2,DRIFT,LONG,4,Sports,0.64,0.58,-0.06,0.23,0.35,,0,,,,50,C,2026-11-01T04:59:00Z,0,0,0,0,1,YES,250.0,,NO,0,,,0,0.576,,1,0.1875,0,0,,,,,,,-0.16,NO,0,,,,
7c5a7418,74a25cfc,2026-07-28,2026-07-28T23:24:05.844963+00:00,KXCHINAEUV-30-27JAN01,"Will China obtains or develops a functional extreme ultraviolet (EUV) lithography machine that capable of patterning semiconductor wafers in a fabrication facility be confirmed before Jan 1, 2027?",paper,PASS,LOW,2,DRIFT,LONG,4,Politics,0.155,0.13,-0.025,,,,0,,,,40,C,2027-01-01T04:59:00Z,0,0,0,0,1,NO,150.0,,,0,,,1,0.058,NO,1,0.3226,0,0,,,,,,,,,0,,,,
90dfcf2a,74a25cfc,2026-07-28,2026-07-28T23:24:05.853845+00:00,KXNBARETIRE-RWESTBROOK18-2627,Will Russell Westbrook announce his retirement before the 2026-27 NBA season?,paper,PASS,LOW,2,HEURISTIC,LONG,4,Sports,0.18,0.09,-0.09,0.11,0.3,,0,,,,55,B,2026-11-15T04:59:00Z,0,0,0,0,0,,,,YES,0,,,1,0.06,NO,1,0.1111,0,0,,,,,,,0.2464,,0,,,,
2baf9270,74a25cfc,2026-07-28,2026-07-28T23:24:05.869415+00:00,KXMLBDEBUT-ZHOPE-26NOV01,"Will Zyhir Hope play in a game for any team in the MLB before Nov 1, 2026?",paper,PASS,LOW,2,DRIFT,LONG,4,Sports,0.15,0.13,-0.02,0.12,0.35,,0,,,,50,C,2026-11-01T04:59:00Z,0,0,0,0,0,,,,YES,0,,,1,0.044,NO,1,1.0667,0,0,,,,,,,0.0688,,0,,,,
b65d6dae,74a25cfc,2026-07-28,2026-07-28T23:24:05.893674+00:00,KXMEDIARELEASEPRISONBREAK-30JAN01-27JAN01,"Will A New Season of Prison Break be released Worldwide before Jan 1, 2030?",paper,PASS,LOW,2,DRIFT,LONG,4,Entertainment,0.235,0.2,-0.035,-0.03,0.25,,0,,,,32,D,2027-01-01T04:59:00Z,0,0,0,0,0,,,,YES,0,,,0,0.529,,1,0.383,0,0,,,,,,,0.1138,YES,0,,,,
d19730b8,74a25cfc,2026-07-28,2026-07-28T23:24:05.910921+00:00,KXMLBDEBUT-FARIAS-26NOV01,"Will Franklin Arias play in a game for any team in the MLB before Nov 1, 2026?",paper,PASS,LOW,2,DRIFT,LONG,4,Sports,0.34,0.35,0.01,-0.19,0.35,,0,,,,32,D,2026-11-01T04:59:00Z,0,0,0,0,0,,,,YES,0,,,0,0.367,,1,1.1765,0,0,,,,,,,-0.25,NO,0,,,,
6674ebe4,8e6c97ef,2026-07-28,2026-07-28T23:24:29.254162+00:00,KXNFLRETIRE-LJOHNSON65-2627,Will Lane Johnson announce his retirement before the 2026-27 NFL season?,paper,PASS,MED,1,DRIFT,QUARTERLY,3,Sports,0.115,0.06,-0.055,0.14,0.3,,0,,,,60,B,2026-09-30T03:59:00Z,0,0,0,0,1,YES,167.0,,YES,0,,,1,0.144,NO,1,0.7826,0,0,,,,,,,0.3114,YES,0,,,,
6ab1512d,8e6c97ef,2026-07-28,2026-07-28T23:24:29.267879+00:00,KXVETOOVERRIDE-29JAN20-27,Will Congress override Trump's veto before 2027?,paper,PASS,LOW,2,HEURISTIC,LONG,4,Politics,0.115,0.1,-0.015,0.07,0.2,,0,,,,56,B,2027-01-01T15:00:00Z,0,0,0,0,1,NO,250.0,,YES,0,,,1,0.109,NO,1,0.2707,0,0,,,,,0.884,0.7695,-0.0545,NO,0,,,,
2b292561,8e6c97ef,2026-07-28,2026-07-28T23:24:29.278184+00:00,KXTVSEASONRELEASETHELASTOFUS-27-JAN,"When will ""The Last of Us"" Season 3 be released?",paper,PASS,MED,1,DRIFT,LONG,4,Entertainment,0.095,0.05,-0.045,0.13,0.25,,0,,,,60,B,2027-01-01T15:00:00Z,0,0,0,0,1,NO,183.0,,YES,0,,,1,0.039,NO,1,0.5263,0,0,,,,,,,0.1483,YES,0,,,,
49dc57a4,8e6c97ef,2026-07-28,2026-07-28T23:24:29.302721+00:00,KXCHINAEUV-30-27JAN01,"Will China obtains or develops a functional extreme ultraviolet (EUV) lithography machine that capable of patterning semiconductor wafers in a fabrication facility be confirmed before Jan 1, 2027?",paper,PASS,LOW,2,DRIFT,LONG,4,Politics,0.155,0.14,-0.015,,,,0,,,,40,C,2027-01-01T04:59:00Z,0,0,0,0,1,NO,150.0,,,0,,,1,0.058,NO,1,0.3226,0,0,,,,,,,,,0,,,,
09419be7,8e6c97ef,2026-07-28,2026-07-28T23:24:29.314412+00:00,KXNBARETIRE-RWESTBROOK18-2627,Will Russell Westbrook announce his retirement before the 2026-27 NBA season?,paper,PASS,LOW,2,HEURISTIC,LONG,4,Sports,0.18,0.18,0.0,0.11,0.3,,0,,,,55,B,2026-11-15T04:59:00Z,0,0,0,0,0,,,,YES,0,,,1,0.06,NO,1,0.1111,0,0,,,,,,,0.2464,,0,,,,
a9f0e3b8,8e6c97ef,2026-07-28,2026-07-28T23:24:29.330526+00:00,KXMLBDEBUT-ZHOPE-26NOV01,"Will Zyhir Hope play in a game for any team in the MLB before Nov 1, 2026?",paper,PASS,LOW,2,DRIFT,LONG,4,Sports,0.15,0.15,0.0,0.12,0.35,,0,,,,50,C,2026-11-01T04:59:00Z,0,0,0,0,0,,,,YES,0,,,1,0.044,NO,1,1.0667,0,0,,,,,,,0.0688,,0,,,,
7c16f23f,8e6c97ef,2026-07-28,2026-07-28T23:24:29.339281+00:00,KXMEDIARELEASEPRISONBREAK-30JAN01-27JAN01,"Will A New Season of Prison Break be released Worldwide before Jan 1, 2030?",paper,PASS,LOW,2,DRIFT,LONG,4,Entertainment,0.235,0.22,-0.015,-0.03,0.25,,0,,,,32,D,2027-01-01T04:59:00Z,0,0,0,0,0,,,,YES,0,,,0,0.529,,1,0.383,0,0,,,,,,,0.1138,YES,0,,,,
677ec8ba,8e6c97ef,2026-07-28,2026-07-28T23:24:29.359795+00:00,KXMLBDEBUT-FARIAS-26NOV01,"Will Franklin Arias play in a game for any team in the MLB before Nov 1, 2026?",paper,PASS,LOW,2,DRIFT,LONG,4,Sports,0.34,0.32,-0.02,-0.19,0.35,,0,,,,32,D,2026-11-01T04:59:00Z,0,0,0,0,0,,,,YES,0,,,0,0.367,,1,1.1765,0,0,,,,,,,-0.25,NO,0,,,,
9daa4171,f197ce79,2026-07-29,2026-07-29T17:05:43.238144+00:00,KXVETOOVERRIDE-29JAN20-27,Will Congress override Trump's veto before 2027?,paper,PASS,LOW,2,HEURISTIC,LONG,4,Politics,0.115,0.08,0.035,0.07,0.2,,0,,,,56,B,2027-01-01T15:00:00Z,0,0,0,0,1,NO,250.0,,YES,0,,,1,0.109,NO,1,0.2707,0,0,,,,,0.884,0.7695,-0.0545,NO,0,,,,
ffbbf874,f197ce79,2026-07-29,2026-07-29T17:05:43.248247+00:00,KXCONGRESSPAYINCREASE-30-27JAN01,"Will it be reported by any of the Source Agencies that the annual base salary of all Members of Congress increases above $174,000 before Jan 1, 2027?",paper,PASS,LOW,2,HEURISTIC,LONG,4,Politics,0.095,0.07,0.025,0.25,0.35,,0,,,,50,C,2027-01-01T04:59:00Z,0,0,0,0,1,NO,200.0,,YES,0,,,1,0.029,NO,1,0.1053,0,0,,,,,,,,,0,,,,
849cdae6,f197ce79,2026-07-29,2026-07-29T17:05:43.257397+00:00,KXCHINAEUV-30-27JAN01,"Will China obtains or develops a functional extreme ultraviolet (EUV) lithography machine that capable of patterning semiconductor wafers in a fabrication facility be confirmed before Jan 1, 2027?",paper,PASS,LOW,2,DRIFT,LONG,4,Politics,0.155,0.15,0.005,,,,0,,,,40,C,2027-01-01T04:59:00Z,0,0,0,0,1,NO,150.0,,,0,,,1,0.049,NO,1,0.3226,0,0,,,,,,,,,0,,,,
55d3a15a,ab188650,2026-07-30,2026-07-30T23:20:47.042303+00:00,KXCABLEAVE-26MAY22-26SEP,Will any member of Trump's Cabinet leave before Sep 2026?,paper,PASS,LOW,2,DRIFT,QUARTERLY,3,Politics,0.205,0.24,0.035,0.42,0.65,,0,,,,50,C,2026-09-02T03:59:00Z,0,0,0,0,1,YES,250.0,,YES,0,,,1,0.21,NO,1,0.2439,0,0,,,,,0.032,-0.173,0.025,YES,0,,,,
1a068a19,ab188650,2026-07-30,2026-07-30T23:20:47.050699+00:00,KXAGICO-COMP-26Q3,"Will any company announce that it has achieved Artificial General Intelligence (AGI) before Oct 1, 2026?",paper,PASS,LOW,2,HEURISTIC,QUARTERLY,3,Companies,0.06,0.07,0.01,0.18,0.25,,0,,,,55,B,2026-10-01T03:59:00Z,0,0,0,0,1,YES,350.82,,YES,0,,,1,0.294,NO,1,0.3333,0,0,,,,,,,0.06,YES,0,,,,
9140e002,ab188650,2026-07-30,2026-07-30T23:20:47.062306+00:00,KXCONGRESSPAYINCREASE-30-27JAN01,"Will it be reported by any of the Source Agencies that the annual base salary of all Members of Congress increases above $174,000 before Jan 1, 2027?",paper,PASS,LOW,2,HEURISTIC,LONG,4,Politics,0.095,0.05,0.045,0.25,0.35,,0,,,,50,C,2027-01-01T04:59:00Z,0,0,0,0,1,NO,200.0,,YES,0,,,1,0.023,NO,1,0.1053,0,0,,,,,,,,,0,,,,
da07ce92,ab188650,2026-07-30,2026-07-30T23:20:47.072967+00:00,KXMLBDEBUT-SWALCOTT-26NOV01,"Will Sebastian Walcott play in a game for any team in the MLB before Nov 1, 2026?",paper,PASS,LOW,2,HEURISTIC,LONG,4,Sports,0.08,0.09,0.01,0.25,0.35,,0,,,,55,B,2026-11-01T04:59:00Z,0,0,0,0,0,,,,YES,0,,,1,0.059,NO,1,0.5,0,0,,,,,,,0.38,YES,0,,,,
e92714c5,ab188650,2026-07-30,2026-07-30T23:20:47.080543+00:00,KXNBARETIRE-RWESTBROOK18-2627,Will Russell Westbrook announce his retirement before the 2026-27 NBA season?,paper,PASS,LOW,2,HEURISTIC,LONG,4,Sports,0.185,0.08,0.105,0.09,0.3,,0,,,,51,C,2026-11-15T04:59:00Z,0,0,0,0,0,,,,YES,0,,,1,0.101,NO,1,0.2703,0,0,,,,,,,0.2414,,0,,,,
7bbdfa8b,ab188650,2026-07-30,2026-07-30T23:20:47.093425+00:00,KXMLBDEBUT-JMADE-26NOV01,"Will Jesús Made play in a game for any team in the MLB before Nov 1, 2026?",paper,YES,MED,1,DRIFT,LONG,4,Sports,0.125,0.33,0.205,0.18,0.35,,0,,,,60,B,2026-11-01T04:59:00Z,1,1,0,0,0,,,,YES,0,0.172,1.97,1,0.072,NO,1,0.72,0,0,,,,,,,-0.035,NO,0,,,,
c6a76956,cf10040b,2026-07-31,2026-07-31T16:41:49.132753+00:00,KXAGICO-COMP-26Q3,"Will any company announce that it has achieved Artificial General Intelligence (AGI) before Oct 1, 2026?",paper,PASS,LOW,2,HEURISTIC,QUARTERLY,3,Companies,0.06,0.08,0.02,0.18,0.25,,0,,,,55,B,2026-10-01T03:59:00Z,0,0,0,0,1,YES,350.82,,YES,0,,,1,0.293,NO,1,0.3333,0,0,,,,,,,0.06,YES,0,,,,
5e9564e4,cf10040b,2026-07-31,2026-07-31T16:41:49.152803+00:00,KXCONGRESSPAYINCREASE-30-27JAN01,"Will it be reported by any of the Source Agencies that the annual base salary of all Members of Congress increases above $174,000 before Jan 1, 2027?",paper,PASS,LOW,2,HEURISTIC,LONG,4,Politics,0.095,0.06,0.035,0.25,0.35,,0,,,,50,C,2027-01-01T04:59:00Z,0,0,0,0,1,NO,200.0,,YES,0,,,1,0.022,NO,1,0.1053,0,0,,,,,,,,,0,,,,
0488127f,cf10040b,2026-07-31,2026-07-31T16:41:49.163756+00:00,KXNBARETIRE-RWESTBROOK18-2627,Will Russell Westbrook announce his retirement before the 2026-27 NBA season?,paper,PASS,LOW,2,HEURISTIC,LONG,4,Sports,0.18,0.13,0.05,0.1,0.3,,0,,,,51,C,2026-11-15T04:59:00Z,0,0,0,0,0,,,,YES,0,,,1,0.167,NO,1,0.2222,0,0,,,,,,,0.2464,,0,,,,
8a3745ef,cf10040b,2026-07-31,2026-07-31T16:41:49.183694+00:00,KXMLBDEBUT-JMADE-26NOV01,"Will Jesús Made play in a game for any team in the MLB before Nov 1, 2026?",paper,PASS,LOW,2,DRIFT,LONG,4,Sports,0.125,0.2,0.075,0.18,0.35,,0,,,,50,C,2026-11-01T04:59:00Z,0,0,0,0,0,,,,YES,0,,,1,0.135,NO,1,0.72,0,0,,,,,,,-0.035,NO,0,,,,
43897d1e,cf10040b,2026-07-31,2026-07-31T16:41:49.199279+00:00,KXMLBDEBUT-FARIAS-26NOV01,"Will Franklin Arias play in a game for any team in the MLB before Nov 1, 2026?",paper,PASS,LOW,2,DRIFT,LONG,4,Sports,0.34,0.38,0.04,-0.03,0.35,,0,,,,32,D,2026-11-01T04:59:00Z,0,0,0,0,0,,,,YES,0,,,1,0.313,NO,1,0.2353,0,0,,,,,,,-0.25,NO,0,,,,
a26e10eb,084c08c9,2026-08-01,2026-08-01T16:15:52.658854+00:00,KXAGICO-COMP-26Q3,"Will any company announce that it has achieved Artificial General Intelligence (AGI) before Oct 1, 2026?",paper,PASS,LOW,2,HEURISTIC,QUARTERLY,3,Companies,0.06,0.07,0.01,0.18,0.25,,0,,,,55,B,2026-10-01T03:59:00Z,0,0,0,0,1,YES,350.82,,YES,0,,,1,0.303,NO,1,0.3333,0,0,,,,,,,0.05,YES,0,,,,
afc3f854,084c08c9,2026-08-01,2026-08-01T16:15:52.675211+00:00,KXCONGRESSPAYINCREASE-30-27JAN01,"Will it be reported by any of the Source Agencies that the annual base salary of all Members of Congress increases above $174,000 before Jan 1, 2027?",paper,PASS,LOW,2,HEURISTIC,LONG,4,Politics,0.095,0.05,-0.045,0.25,0.35,,0,,,,50,C,2027-01-01T04:59:00Z,0,0,0,0,1,NO,200.0,,YES,0,,,1,0.022,NO,1,0.1053,0,0,,,,,,,,,0,,,,
96727825,084c08c9,2026-08-01,2026-08-01T16:15:52.683665+00:00,KXARTISTCOLLABTHUGANDGUNNA-30-2027,Will Young Thug and Gunna make a song together?,paper,PASS,LOW,2,DRIFT,LONG,4,Entertainment,0.14,0.15,0.01,,,,0,,,,40,C,2027-01-01T15:00:00Z,0,0,0,0,1,NO,100.0,,,0,,,1,0.059,NO,1,0.2857,0,0,,,,,,,0.6257,YES,0,,,,
9250d08a,084c08c9,2026-08-01,2026-08-01T16:15:52.691417+00:00,KXMLBDEBUT-JMADE-26NOV01,"Will Jesús Made play in a game for any team in the MLB before Nov 1, 2026?",paper,PASS,LOW,2,DRIFT,LONG,4,Sports,0.135,0.18,0.045,0.2,0.35,,0,,,,50,C,2026-11-01T04:59:00Z,0,0,0,0,0,,,,YES,0,,,1,0.245,NO,1,0.2222,0,0,,,,,,,-0.045,NO,0,,,,
70ea5892,084c08c9,2026-08-01,2026-08-01T16:15:52.699503+00:00,KXMLBDEBUT-SWALCOTT-26NOV01,"Will Sebastian Walcott play in a game for any team in the MLB before Nov 1, 2026?",paper,PASS,LOW,2,HEURISTIC,LONG,4,Sports,0.08,0.12,0.04,0.25,0.35,,0,,,,55,B,2026-11-01T04:59:00Z,0,0,0,0,0,,,,YES,0,,,1,0.102,NO,1,0.5,0,0,,,,,,,0.38,YES,0,,,,
edad51ce,084c08c9,2026-08-01,2026-08-01T16:15:52.707461+00:00,KXMLBDEBUT-FARIAS-26NOV01,"Will Franklin Arias play in a game for any team in the MLB before Nov 1, 2026?",paper,PASS,LOW,2,DRIFT,LONG,4,Sports,0.335,0.42,0.085,-0.03,0.35,,0,,,,32,D,2026-11-01T04:59:00Z,0,0,0,0,0,,,,YES,0,,,0,0.407,,1,0.2687,0,0,,,,,,,-0.245,NO,0,,,,
a155a488,e0b76ba1,2026-08-01,2026-08-01T16:18:55.548737+00:00,KXAGICO-COMP-26Q3,"Will any company announce that it has achieved Artificial General Intelligence (AGI) before Oct 1, 2026?",paper,PASS,LOW,2,HEURISTIC,QUARTERLY,3,Companies,0.06,0.08,0.02,0.18,0.25,,0,,,,55,B,2026-10-01T03:59:00Z,0,0,0,0,1,YES,350.82,,YES,0,,,1,0.303,NO,1,0.3333,0,0,,,,,,,0.05,YES,0,,,,
cdbe430f,e0b76ba1,2026-08-01,2026-08-01T16:18:55.559769+00:00,KXMLBDEBUT-KANDERSON-26NOV01,"Will Kade Anderson play in a game for any team in the MLB before Nov 1, 2026?",paper,PASS,LOW,2,HEURISTIC,LONG,4,Sports,0.715,0.68,0.035,0.33,0.35,,0,,,,55,B,2026-11-01T04:59:00Z,0,0,0,0,1,YES,355.0,,NO,0,,,0,0.535,,1,0.0979,0,0,,,,,,,-0.235,NO,0,,,,
49ad387a,e0b76ba1,2026-08-01,2026-08-01T16:18:55.568083+00:00,KXCONGRESSPAYINCREASE-30-27JAN01,"Will it be reported by any of the Source Agencies that the annual base salary of all Members of Congress increases above $174,000 before Jan 1, 2027?",paper,PASS,LOW,2,HEURISTIC,LONG,4,Politics,0.095,0.1,0.005,0.25,0.35,,0,,,,50,C,2027-01-01T04:59:00Z,0,0,0,0,1,NO,200.0,,YES,0,,,1,0.022,NO,1,0.1053,0,0,,,,,,,,,0,,,,
7199a42b,e0b76ba1,2026-08-01,2026-08-01T16:18:55.577278+00:00,KXARTISTCOLLABTHUGANDGUNNA-30-2027,Will Young Thug and Gunna make a song together?,paper,PASS,LOW,2,DRIFT,LONG,4,Entertainment,0.14,0.16,0.02,,,,0,,,,40,C,2027-01-01T15:00:00Z,0,0,0,0,1,NO,100.0,,,0,,,1,0.059,NO,1,0.2857,0,0,,,,,,,0.6257,YES,0,,,,
0039140a,e0b76ba1,2026-08-01,2026-08-01T16:18:55.588951+00:00,KXMLBDEBUT-JMADE-26NOV01,"Will Jesús Made play in a game for any team in the MLB before Nov 1, 2026?",paper,PASS,LOW,2,DRIFT,LONG,4,Sports,0.135,0.17,0.035,0.2,0.35,,0,,,,50,C,2026-11-01T04:59:00Z,0,0,0,0,0,,,,YES,0,,,1,0.245,NO,1,0.2222,0,0,,,,,,,-0.045,NO,0,,,,
face6e51,e0b76ba1,2026-08-01,2026-08-01T16:18:55.597821+00:00,KXMLBDEBUT-SWALCOTT-26NOV01,"Will Sebastian Walcott play in a game for any team in the MLB before Nov 1, 2026?",paper,PASS,LOW,2,HEURISTIC,LONG,4,Sports,0.08,0.1,0.02,0.25,0.35,,0,,,,55,B,2026-11-01T04:59:00Z,0,0,0,0,0,,,,YES,0,,,1,0.102,NO,1,0.5,0,0,,,,,,,0.38,YES,0,,,,
073fa3f6,e0b76ba1,2026-08-01,2026-08-01T16:18:55.605742+00:00,KXMLBDEBUT-FARIAS-26NOV01,"Will Franklin Arias play in a game for any team in the MLB before Nov 1, 2026?",paper,PASS,LOW,2,DRIFT,LONG,4,Sports,0.335,0.32,0.015,-0.03,0.35,,0,,,,32,D,2026-11-01T04:59:00Z,0,0,0,0,0,,,,YES,0,,,0,0.407,,1,0.2687,0,0,,,,,,,-0.245,NO,0,,,,
1f6048a8,b0f1dcbd,2026-08-02,2026-08-02T00:01:47.747806+00:00,KXCABLEAVE-26MAY22-26SEP,Will any member of Trump's Cabinet leave before Sep 2026?,paper,PASS,LOW,2,DRIFT,QUARTERLY,3,Politics,0.19,0.27,0.08,0.44,0.65,,0,,,,50,C,2026-09-02T03:59:00Z,1,1,0,0,1,YES,250.0,,YES,0,0.429,,1,0.347,NO,1,0.2105,0,0,,,,,0.0295,-0.1605,0.04,YES,0,,,,
b1727ed4,4536672d,2026-08-02,2026-08-02T01:10:13.493855+00:00,KXSOLD-26AUG0217-T72.9999,"SOL price on Aug 2, 2026?",paper,PASS,LOW,2,DRIFT,INTRADAY,0,,0.265,,,,,,0,,,,,Unscored,2026-08-02T21:00:00Z,0,1,1,0,0,,,,,1,,,0,,,0,,0,0,,,,,,,,,0,,,,
a8d5ff20,4536672d,2026-08-02,2026-08-02T01:10:13.505416+00:00,KXSOLD-26AUG0217-T73.9999,"SOL price on Aug 2, 2026?",paper,PASS,LOW,2,RESOLVE_FIRST,INTRADAY,0,,0.055,,,,,,0,,,,,Unscored,2026-08-02T21:00:00Z,0,0,1,0,0,,,,,1,,,0,,,0,,0,0,,,,,,,,,0,,,,
34652209,4536672d,2026-08-02,2026-08-02T01:10:13.514513+00:00,KXXRPD-26AUG0217-T1.0599,"Ripple price at Aug 2, 2026 at 5pm EDT?",paper,PASS,LOW,2,DRIFT,INTRADAY,0,,0.65,,,,,,0,,,,,Unscored,2026-08-02T21:00:00Z,0,1,1,0,0,,,,,1,,,0,,,0,,0,0,,,,,,,,,0,,,,
cce51f75,4536672d,2026-08-02,2026-08-02T01:10:13.525100+00:00,KXSOLD-26AUG0217-T71.9999,"SOL price on Aug 2, 2026?",paper,PASS,LOW,2,RESOLVE_FIRST,INTRADAY,0,,0.6,,,,,,0,,,,,Unscored,2026-08-02T21:00:00Z,0,0,1,0,0,,,,,1,,,0,,,0,,0,0,,,,,,,,,0,,,,
7e30d027,fe309ae2,2026-08-02,2026-08-02T15:14:59.681693+00:00,KXCABLEAVE-26MAY22-26SEP,Will any member of Trump's Cabinet leave before Sep 2026?,paper,PASS,LOW,2,DRIFT,QUARTERLY,3,Politics,0.185,0.2,0.015,0.44,0.65,,0,,,,54,C,2026-09-02T03:59:00Z,1,1,0,0,1,YES,250.0,cabinet departure,YES,0,0.429,,0,0.46,,1,0.2703,0,0,,,,,0.0265,-0.1585,0.045,YES,0,,,,
4c5f3035,fe309ae2,2026-08-02,2026-08-02T15:14:59.686760+00:00,KXAGICO-COMP-26Q3,"Will any company announce that it has achieved Artificial General Intelligence (AGI) before Oct 1, 2026?",paper,PASS,LOW,2,HEURISTIC,QUARTERLY,3,Companies,0.06,0.07,0.01,0.18,0.25,,0,,,,55,B,2026-10-01T03:59:00Z,1,0,0,0,1,YES,350.82,AI model release,YES,0,0.176,,1,0.301,NO,1,0.3333,0,0,,,,,,,0.05,YES,0,,,,
cb14ee16,fe309ae2,2026-08-02,2026-08-02T15:14:59.707357+00:00,KXMANAGEROUTDATE-28TUCHEL-27JAN01,"Will Thomas Tuchel be out before Jan 1, 2027?",paper,PASS,MED,1,DRIFT,LONG,4,Sports,0.135,0.1,-0.035,,,,0,,,,55,B,2027-01-01T04:59:00Z,0,1,1,0,1,NO,455.58,,,0,,,1,0.201,NO,1,0.963,0,0,,,,,0.8175,0.6825,0.3262,YES,0,,,,
165943dd,fe309ae2,2026-08-02,2026-08-02T15:14:59.721119+00:00,KXARTISTCOLLABTHUGANDGUNNA-30-2027,Will Young Thug and Gunna make a song together?,paper,PASS,MED,1,DRIFT,LONG,4,Entertainment,0.135,0.1,-0.035,,,,0,,,,50,C,2027-01-01T15:00:00Z,0,1,1,0,1,NO,100.0,,,0,,,1,0.059,NO,1,0.2222,0,0,,,,,,,0.6307,YES,0,,,,
e3902cf3,fe309ae2,2026-08-02,2026-08-02T15:14:59.734570+00:00,KXMLBDEBUT-SWALCOTT-26NOV01,"Will Sebastian Walcott play in a game for any team in the MLB before Nov 1, 2026?",paper,PASS,MED,1,HEURISTIC,LONG,4,Sports,0.08,0.05,-0.03,0.25,0.35,,0,,,,65,B,2026-11-01T04:59:00Z,1,0,0,0,0,,,sports debut,YES,0,0.244,,1,0.215,NO,1,0.5,0,0,,,,,,,0.38,YES,0,,,,
